timestamp,open,high,low,close,volume
8.4e-323,1.8141042236e-314,0.0,0.0,0.0,0.0
0.0,0.0,0.0,0.0,0.0,0.0
1.6e-322,1.18896741e-314,0.0,0.0,0.0,0.0
1.110135133873e-311,1.110793678259e-311,1.110135141658e-311,1.1101351426856e-311,1.1101351457844e-311,1.1101351412153e-311
1.43e-322,1.463156349e-314,0.0,0.0,0.0,0.0
1.402984994094e-311,1.4038535270775e-311,1.402985012682e-311,1.4029850136937e-311,1.402985016492e-311,1.402985011986e-311
1.2e-322,7.9257661e-316,0.0,0.0,0.0,0.0
4.450576366899068e-308,1.7802164676289205e-306,8.455497965990345e-307,1.379620487666066e-306,1.112606191527798e-306,1.7801025473518564e-306
1.63e-322,1.729960792e-314,0.0,0.0,0.0,0.0
4.450576366899062e-308,1.7802164740962976e-306,8.455497965990345e-307,1.379620487666066e-306,1.112606191527798e-306,1.7801025473518564e-306
1.33e-322,1.3500972502277315e+209,2.3065330130102404e+175,3.3836685831834315e+262,2.583918439507161e-57,1.4225914138436003e-70
1.127788632574e-311,1.127461399893e-311,1.1277886477786e-311,1.127788648822e-311,1.127788651589e-311,1.127788647399e-311
1.5e-323,1.3500973384003241e+209,2.3065330130102404e+175,3.3836685831834315e+262,2.583918439507161e-57,1.4225914138436003e-70
4.450576366899065e-308,1.7802162916466226e-306,8.455497965990345e-307,1.379620487666066e-306,1.112606191527798e-306,1.7801025473518564e-306
9.631352806983e-312,9.6138002851e-312,9.631353190363e-312,9.631353222615e-312,9.631353130284e-312,9.63135318546e-312
1.239245412416e-311,1.2381940557247e-311,1.2392454108896e-311,1.2392454119647e-311,1.2392454145417e-311,1.239245410289e-311
7.069296741497e-312,7.07795691902e-312,7.069296866787e-312,7.069296877854e-312,7.069296935245e-312,7.06929684924e-312
1.73e-322,1.103021463e-314,0.0,0.0,0.0,0.0
4.450576366899066e-308,1.780215397910806e-306,8.455497965990345e-307,1.379620487666066e-306,1.112606191527798e-306,1.7801025473518564e-306
6e-323,1.3736705227e-314,0.0,0.0,0.0,0.0
1758096000000,0.07558000,0.09500000,0.07222000,0.07382000,204540523.00000000
1758099600000,0.07386000,0.07653000,0.07306000,0.07553000,38223300.00000000
1758103200000,0.07553000,0.07633000,0.07340000,0.07387000,25755653.00000000
1758106800000,0.07389000,0.07422000,0.07355000,0.07396000,16939446.00000000
1758110400000,0.07397000,0.07435000,0.07291000,0.07423000,18875671.00000000
1758114000000,0.07424000,0.07665000,0.07400000,0.07653000,17194089.00000000
1758117600000,0.07650000,0.07679000,0.07482000,0.07648000,14668963.00000000
1758121200000,0.07648000,0.07763000,0.07635000,0.07716000,17805146.00000000
1758124800000,0.07715000,0.07758000,0.07467000,0.07756000,23987600.00000000
1758128400000,0.07756000,0.08010000,0.07739000,0.07968000,37460363.00000000
1758132000000,0.07957000,0.08021000,0.07741000,0.07819000,30356831.00000000
1758135600000,0.07814000,0.07967000,0.07810000,0.07947000,17106993.00000000
1758139200000,0.07949000,0.07961000,0.07702000,0.07768000,8061620.00000000
1758142800000,0.07767000,0.07769000,0.07655000,0.07698000,6230009.00000000
1758146400000,0.07699000,0.07815000,0.07692000,0.07803000,4295111.00000000
1758150000000,0.07802000,0.07840000,0.07665000,0.07688000,4577405.00000000
1758153600000,0.07686000,0.07745000,0.07673000,0.07706000,10563799.00000000
1758157200000,0.07704000,0.07728000,0.07598000,0.07646000,6320768.00000000
1758160800000,0.07646000,0.07649000,0.07529000,0.07568000,9796439.00000000
1758164400000,0.07567000,0.07641000,0.07542000,0.07597000,9654784.00000000
1758168000000,0.07598000,0.07639000,0.07585000,0.07592000,4177670.00000000
1758171600000,0.07590000,0.07610000,0.07532000,0.07609000,4934545.00000000
1758175200000,0.07608000,0.07624000,0.07504000,0.07528000,7280691.00000000
1758178800000,0.07529000,0.07556000,0.07373000,0.07515000,9472635.00000000
1758182400000,0.07515000,0.07620000,0.07506000,0.07588000,5397855.00000000
1758186000000,0.07589000,0.07732000,0.07587000,0.07627000,24578083.00000000
1758189600000,0.07626000,0.07679000,0.07564000,0.07581000,28147510.00000000
1758193200000,0.07582000,0.07744000,0.07572000,0.07716000,17684335.00000000
1758196800000,0.07716000,0.07750000,0.07581000,0.07640000,11764176.00000000
1758200400000,0.07639000,0.07673000,0.07592000,0.07628000,5767374.00000000
1758204000000,0.07627000,0.07698000,0.07620000,0.07636000,5624937.00000000
1758207600000,0.07635000,0.07686000,0.07593000,0.07617000,4593031.00000000
1758211200000,0.07616000,0.07707000,0.07610000,0.07656000,4221110.00000000
1758214800000,0.07658000,0.07779000,0.07658000,0.07747000,4663969.00000000
1758218400000,0.07749000,0.07839000,0.07746000,0.07778000,4694329.00000000
1758222000000,0.07779000,0.07805000,0.07740000,0.07754000,2764974.00000000
1758225600000,0.07753000,0.07795000,0.07705000,0.07795000,4689384.00000000
1758229200000,0.07793000,0.07819000,0.07708000,0.07746000,6133681.00000000
1758232800000,0.07747000,0.07784000,0.07716000,0.07782000,2949968.00000000
1758236400000,0.07781000,0.07810000,0.07733000,0.07753000,4254427.00000000
1758240000000,0.07753000,0.07795000,0.07734000,0.07740000,2840551.00000000
1758243600000,0.07740000,0.07748000,0.07637000,0.07652000,4787355.00000000
1758247200000,0.07651000,0.07709000,0.07614000,0.07677000,4608142.00000000
1758250800000,0.07676000,0.07708000,0.07566000,0.07583000,2861185.00000000
1758254400000,0.07582000,0.07591000,0.07497000,0.07551000,4329762.00000000
1758258000000,0.07552000,0.07587000,0.07487000,0.07525000,5234373.00000000
1758261600000,0.07524000,0.07536000,0.07458000,0.07460000,2484904.00000000
1758265200000,0.07461000,0.07593000,0.07456000,0.07514000,7003631.00000000
1758268800000,0.07514000,0.07558000,0.07482000,0.07496000,2150704.00000000
1758272400000,0.07497000,0.07523000,0.07418000,0.07428000,3712023.00000000
1758276000000,0.07429000,0.07510000,0.07426000,0.07474000,4925463.00000000
1758279600000,0.07474000,0.07481000,0.07403000,0.07428000,3037828.00000000
1758283200000,0.07428000,0.07486000,0.07428000,0.07485000,3075720.00000000
1758286800000,0.07484000,0.07517000,0.07419000,0.07484000,2650250.00000000
1758290400000,0.07484000,0.07542000,0.07434000,0.07446000,3569695.00000000
1758294000000,0.07444000,0.07448000,0.07311000,0.07360000,10097717.00000000
1758297600000,0.07361000,0.07444000,0.07361000,0.07420000,2449941.00000000
1758301200000,0.07420000,0.07433000,0.07334000,0.07334000,4279227.00000000
1758304800000,0.07336000,0.07388000,0.07256000,0.07260000,5901877.00000000
1758308400000,0.07259000,0.07292000,0.07227000,0.07241000,4570679.00000000
1758312000000,0.07241000,0.07280000,0.07240000,0.07261000,2878478.00000000
1758315600000,0.07262000,0.07268000,0.07173000,0.07191000,5426679.00000000
1758319200000,0.07191000,0.07240000,0.07189000,0.07204000,1576293.00000000
1758322800000,0.07204000,0.07267000,0.07176000,0.07262000,5374966.00000000
1758326400000,0.07262000,0.07280000,0.07199000,0.07257000,5247804.00000000
1758330000000,0.07258000,0.07279000,0.07237000,0.07274000,3591317.00000000
1758333600000,0.07273000,0.07289000,0.07202000,0.07238000,3061355.00000000
1758337200000,0.07239000,0.07272000,0.07192000,0.07266000,3457026.00000000
1758340800000,0.07265000,0.07266000,0.07196000,0.07233000,7989301.00000000
1758344400000,0.07232000,0.07279000,0.07219000,0.07268000,3070167.00000000
1758348000000,0.07267000,0.07269000,0.07033000,0.07048000,41599526.00000000
1758351600000,0.07048000,0.07122000,0.06994000,0.07101000,20154973.00000000
1758355200000,0.07100000,0.07112000,0.07016000,0.07044000,7714943.00000000
1758358800000,0.07042000,0.07090000,0.06964000,0.06994000,13027727.00000000
1758362400000,0.06993000,0.07051000,0.06881000,0.06978000,18282811.00000000
1758366000000,0.06977000,0.06998000,0.06900000,0.06931000,28852124.00000000
1758369600000,0.06932000,0.06999000,0.06890000,0.06998000,10374155.00000000
1758373200000,0.06997000,0.07020000,0.06899000,0.06932000,18007590.00000000
1758376800000,0.06932000,0.06994000,0.06900000,0.06994000,10146827.00000000
1758380400000,0.06990000,0.07036000,0.06978000,0.07004000,4651435.00000000
1758384000000,0.07004000,0.07096000,0.06992000,0.07084000,6887420.00000000
1758387600000,0.07084000,0.07095000,0.07019000,0.07023000,4727667.00000000
1758391200000,0.07022000,0.07042000,0.06958000,0.06973000,3639756.00000000
1758394800000,0.06972000,0.06995000,0.06922000,0.06965000,4044274.00000000
1758398400000,0.06965000,0.06989000,0.06934000,0.06975000,3409026.00000000
1758402000000,0.06976000,0.06987000,0.06939000,0.06953000,2381937.00000000
1758405600000,0.06953000,0.06989000,0.06940000,0.06975000,4869446.00000000
1758409200000,0.06976000,0.06984000,0.06930000,0.06941000,3097296.00000000
1758412800000,0.06941000,0.07012000,0.06900000,0.07000000,5560450.00000000
1758416400000,0.07001000,0.07021000,0.06949000,0.06975000,5095938.00000000
1758420000000,0.06975000,0.06995000,0.06926000,0.06986000,3909462.00000000
1758423600000,0.06985000,0.07084000,0.06985000,0.07032000,7973266.00000000
1758427200000,0.07033000,0.07061000,0.06964000,0.06985000,5443511.00000000
1758430800000,0.06985000,0.07081000,0.06985000,0.07058000,6680528.00000000
1758434400000,0.07059000,0.07115000,0.07029000,0.07113000,6503141.00000000
1758438000000,0.07113000,0.07210000,0.07084000,0.07103000,10429941.00000000
1758441600000,0.07104000,0.07146000,0.07059000,0.07121000,7202961.00000000
1758445200000,0.07120000,0.07130000,0.06937000,0.07029000,12193059.00000000
1758448800000,0.07028000,0.07075000,0.06990000,0.07002000,3822541.00000000
1758452400000,0.07001000,0.07044000,0.06986000,0.07008000,2497150.00000000
1758456000000,0.07008000,0.07075000,0.06998000,0.07004000,3980681.00000000
1758459600000,0.07003000,0.07040000,0.06994000,0.07040000,2630578.00000000
1758463200000,0.07039000,0.07063000,0.07009000,0.07049000,3171144.00000000
1758466800000,0.07048000,0.07059000,0.06994000,0.07018000,3687477.00000000
1758470400000,0.07018000,0.07055000,0.06946000,0.06975000,4545588.00000000
1758474000000,0.06975000,0.07006000,0.06937000,0.06977000,5868093.00000000
1758477600000,0.06977000,0.07037000,0.06970000,0.07012000,2610563.00000000
1758481200000,0.07012000,0.07018000,0.06939000,0.06946000,2191426.00000000
1758484800000,0.06950000,0.06972000,0.06942000,0.06963000,1520327.00000000
1758488400000,0.06963000,0.06972000,0.06921000,0.06943000,1625901.00000000
1758492000000,0.06941000,0.06985000,0.06880000,0.06982000,3229131.00000000
1758495600000,0.06983000,0.07000000,0.06923000,0.06950000,4565053.00000000
1758499200000,0.06950000,0.06975000,0.06665000,0.06723000,18495129.00000000
1758502800000,0.06722000,0.06872000,0.06715000,0.06814000,4089282.00000000
1758506400000,0.06813000,0.06847000,0.06736000,0.06768000,13014759.00000000
1758510000000,0.06767000,0.06770000,0.06735000,0.06745000,9303250.00000000
1758513600000,0.06746000,0.06752000,0.06707000,0.06714000,10088590.00000000
1758517200000,0.06713000,0.06760000,0.06619000,0.06619000,9586833.00000000
1758520800000,0.06618000,0.06629000,0.06139000,0.06541000,33494565.00000000
1758524400000,0.06542000,0.06593000,0.06500000,0.06504000,6363745.00000000
1758528000000,0.06505000,0.06560000,0.06488000,0.06520000,7477152.00000000
1758531600000,0.06520000,0.06552000,0.06462000,0.06474000,8857526.00000000
1758535200000,0.06473000,0.06510000,0.06446000,0.06485000,12683544.00000000
1758538800000,0.06484000,0.06519000,0.06400000,0.06509000,20283436.00000000
1758542400000,0.06510000,0.06725000,0.06510000,0.06705000,14251470.00000000
1758546000000,0.06703000,0.06928000,0.06701000,0.06863000,17013683.00000000
1758549600000,0.06862000,0.06904000,0.06747000,0.06760000,5845263.00000000
1758553200000,0.06759000,0.06882000,0.06743000,0.06854000,8096680.00000000
1758556800000,0.06853000,0.06870000,0.06786000,0.06868000,3670043.00000000
1758560400000,0.06867000,0.06879000,0.06745000,0.06797000,6551078.00000000
1758564000000,0.06797000,0.06811000,0.06734000,0.06744000,2208803.00000000
1758567600000,0.06746000,0.06761000,0.06654000,0.06681000,5509718.00000000
1758571200000,0.06680000,0.06720000,0.06662000,0.06676000,1918565.00000000
1758574800000,0.06677000,0.06729000,0.06662000,0.06715000,1525402.00000000
1758578400000,0.06716000,0.06717000,0.06655000,0.06659000,855056.00000000
1758582000000,0.06660000,0.06675000,0.06658000,0.06665000,893073.00000000
1758585600000,0.06665000,0.06671000,0.06570000,0.06570000,1474904.00000000
1758589200000,0.06571000,0.06599000,0.06532000,0.06550000,1829340.00000000
1758592800000,0.06550000,0.06580000,0.06489000,0.06489000,1875271.00000000
1758596400000,0.06490000,0.06647000,0.06476000,0.06603000,3771149.00000000
1758600000000,0.06603000,0.06644000,0.06546000,0.06546000,2112431.00000000
1758603600000,0.06545000,0.06592000,0.06513000,0.06565000,2488697.00000000
1758607200000,0.06565000,0.06674000,0.06564000,0.06642000,3801701.00000000
1758610800000,0.06641000,0.06671000,0.06590000,0.06606000,6226884.00000000
1758614400000,0.06605000,0.06650000,0.06583000,0.06646000,2080030.00000000
1758618000000,0.06647000,0.06673000,0.06577000,0.06607000,4223447.00000000
1758621600000,0.06607000,0.06608000,0.06542000,0.06589000,4747120.00000000
1758625200000,0.06590000,0.06654000,0.06576000,0.06632000,2157400.00000000
1758628800000,0.06632000,0.06679000,0.06611000,0.06659000,2747777.00000000
1758632400000,0.06660000,0.06692000,0.06642000,0.06674000,2389556.00000000
1758636000000,0.06675000,0.06753000,0.06662000,0.06687000,3977083.00000000
1758639600000,0.06687000,0.06885000,0.06645000,0.06868000,10578364.00000000
1758643200000,0.06867000,0.06899000,0.06806000,0.06859000,4749697.00000000
1758646800000,0.06860000,0.06895000,0.06836000,0.06851000,3412913.00000000
1758650400000,0.06852000,0.06869000,0.06816000,0.06827000,5102748.00000000
1758654000000,0.06828000,0.06948000,0.06800000,0.06817000,4219781.00000000
1758657600000,0.06818000,0.06887000,0.06813000,0.06861000,2281869.00000000
1758661200000,0.06861000,0.06901000,0.06787000,0.06899000,3110369.00000000
1758664800000,0.06898000,0.06905000,0.06824000,0.06850000,1678547.00000000
1758668400000,0.06852000,0.06879000,0.06804000,0.06807000,2363293.00000000
1758672000000,0.06807000,0.06923000,0.06807000,0.06901000,3566950.00000000
1758675600000,0.06901000,0.07103000,0.06892000,0.07098000,11120022.00000000
1758679200000,0.07097000,0.07097000,0.06928000,0.06975000,13700411.00000000
1758682800000,0.06974000,0.07005000,0.06859000,0.06885000,3176645.00000000
1758686400000,0.06884000,0.06974000,0.06808000,0.06885000,4065032.00000000
1758690000000,0.06884000,0.07070000,0.06879000,0.07022000,4193761.00000000
1758693600000,0.07022000,0.07023000,0.06915000,0.06924000,6983370.00000000
1758697200000,0.06923000,0.06939000,0.06860000,0.06870000,2165901.00000000
1758700800000,0.06870000,0.06913000,0.06831000,0.06872000,3509912.00000000
1758704400000,0.06872000,0.06895000,0.06843000,0.06872000,1357911.00000000
1758708000000,0.06872000,0.06912000,0.06860000,0.06907000,1450918.00000000
1758711600000,0.06906000,0.06965000,0.06878000,0.06947000,2967065.00000000
1758715200000,0.06949000,0.06986000,0.06923000,0.06950000,2114364.00000000
1758718800000,0.06950000,0.06982000,0.06921000,0.06945000,1683847.00000000
1758722400000,0.06945000,0.07081000,0.06945000,0.07076000,2857404.00000000
1758726000000,0.07076000,0.07230000,0.07052000,0.07068000,15342547.00000000
1758729600000,0.07068000,0.07120000,0.07011000,0.07079000,6705735.00000000
1758733200000,0.07080000,0.07080000,0.06917000,0.06938000,7739111.00000000
1758736800000,0.06938000,0.06954000,0.06860000,0.06863000,5603208.00000000
1758740400000,0.06862000,0.06869000,0.06773000,0.06808000,9904577.00000000
1758744000000,0.06808000,0.06866000,0.06788000,0.06831000,2180150.00000000
1758747600000,0.06830000,0.06830000,0.06730000,0.06734000,2354701.00000000
1758751200000,0.06732000,0.06770000,0.06723000,0.06728000,2313800.00000000
1758754800000,0.06728000,0.06747000,0.06682000,0.06686000,1969052.00000000
1758758400000,0.06687000,0.06711000,0.06633000,0.06665000,2585408.00000000
1758762000000,0.06665000,0.06700000,0.06559000,0.06573000,12788899.00000000
1758765600000,0.06574000,0.06631000,0.06541000,0.06584000,5915217.00000000
1758769200000,0.06583000,0.06583000,0.06515000,0.06526000,2091888.00000000
1758772800000,0.06526000,0.06570000,0.06471000,0.06509000,5616556.00000000
1758776400000,0.06508000,0.06595000,0.06496000,0.06563000,3597036.00000000
1758780000000,0.06564000,0.06589000,0.06531000,0.06536000,2220367.00000000
1758783600000,0.06537000,0.06596000,0.06514000,0.06526000,6154303.00000000
1758787200000,0.06528000,0.06543000,0.06503000,0.06513000,1643187.00000000
1758790800000,0.06513000,0.06572000,0.06488000,0.06492000,1889886.00000000
1758794400000,0.06493000,0.06568000,0.06493000,0.06518000,1837930.00000000
1758798000000,0.06520000,0.06541000,0.06500000,0.06509000,2003478.00000000
1758801600000,0.06509000,0.06564000,0.06420000,0.06513000,5588058.00000000
1758805200000,0.06514000,0.06552000,0.06467000,0.06507000,6005887.00000000
1758808800000,0.06508000,0.06737000,0.06508000,0.06632000,7928487.00000000
1758812400000,0.06634000,0.06655000,0.06538000,0.06578000,3124444.00000000
1758816000000,0.06578000,0.06591000,0.06435000,0.06479000,8439573.00000000
1758819600000,0.06479000,0.06555000,0.06375000,0.06418000,19797242.00000000
1758823200000,0.06417000,0.06646000,0.06395000,0.06633000,9077460.00000000
1758826800000,0.06632000,0.06656000,0.06554000,0.06560000,5611887.00000000
1758830400000,0.06561000,0.06573000,0.06459000,0.06462000,1806536.00000000
1758834000000,0.06461000,0.06495000,0.06379000,0.06465000,3375265.00000000
1758837600000,0.06466000,0.06546000,0.06445000,0.06519000,2426767.00000000
1758841200000,0.06518000,0.06537000,0.06455000,0.06499000,3615273.00000000
1758844800000,0.06500000,0.06571000,0.06466000,0.06554000,2474506.00000000
1758848400000,0.06556000,0.06599000,0.06510000,0.06521000,3206394.00000000
1758852000000,0.06520000,0.06547000,0.06487000,0.06517000,1982628.00000000
1758855600000,0.06516000,0.06542000,0.06493000,0.06523000,3688214.00000000
1758859200000,0.06525000,0.06581000,0.06487000,0.06489000,1663739.00000000
1758862800000,0.06488000,0.06541000,0.06470000,0.06483000,2605317.00000000
1758866400000,0.06484000,0.06516000,0.06443000,0.06453000,2541156.00000000
1758870000000,0.06453000,0.06513000,0.06419000,0.06501000,2363369.00000000
1758873600000,0.06501000,0.06506000,0.06457000,0.06477000,973031.00000000
1758877200000,0.06478000,0.06512000,0.06430000,0.06465000,2921944.00000000
1758880800000,0.06467000,0.06470000,0.06406000,0.06443000,2491048.00000000
1758884400000,0.06442000,0.06533000,0.06440000,0.06509000,2256807.00000000
1758888000000,0.06509000,0.06546000,0.06387000,0.06514000,6169858.00000000
1758891600000,0.06514000,0.06585000,0.06466000,0.06567000,2841324.00000000
1758895200000,0.06566000,0.06579000,0.06508000,0.06557000,1991227.00000000
1758898800000,0.06555000,0.06659000,0.06552000,0.06632000,2412512.00000000
1758902400000,0.06631000,0.06679000,0.06619000,0.06664000,2818823.00000000
1758906000000,0.06663000,0.06880000,0.06649000,0.06868000,5049507.00000000
1758909600000,0.06868000,0.06918000,0.06842000,0.06863000,5299282.00000000
1758913200000,0.06861000,0.06907000,0.06823000,0.06893000,4502478.00000000
1758916800000,0.06893000,0.06895000,0.06746000,0.06785000,4141162.00000000
1758920400000,0.06784000,0.06784000,0.06748000,0.06766000,1928367.00000000
1758924000000,0.06767000,0.06784000,0.06716000,0.06721000,1740009.00000000
1758927600000,0.06720000,0.06755000,0.06702000,0.06718000,1231306.00000000
1758931200000,0.06720000,0.06737000,0.06658000,0.06683000,1222634.00000000
1758934800000,0.06684000,0.06697000,0.06610000,0.06640000,1447186.00000000
1758938400000,0.06641000,0.06732000,0.06641000,0.06723000,2247055.00000000
1758942000000,0.06724000,0.06742000,0.06679000,0.06715000,929785.00000000
1758945600000,0.06717000,0.06758000,0.06706000,0.06719000,893056.00000000
1758949200000,0.06719000,0.06721000,0.06686000,0.06709000,1016283.00000000
1758952800000,0.06709000,0.06709000,0.06616000,0.06672000,3553325.00000000
1758956400000,0.06673000,0.06686000,0.06609000,0.06612000,1363827.00000000
1758960000000,0.06612000,0.06612000,0.06521000,0.06521000,3351361.00000000
1758963600000,0.06525000,0.06532000,0.06494000,0.06513000,3459942.00000000
1758967200000,0.06513000,0.06537000,0.06495000,0.06513000,2121472.00000000
1758970800000,0.06512000,0.06579000,0.06501000,0.06545000,2446408.00000000
1758974400000,0.06545000,0.06592000,0.06518000,0.06584000,1160398.00000000
1758978000000,0.06583000,0.06598000,0.06530000,0.06553000,2532504.00000000
1758981600000,0.06552000,0.06599000,0.06544000,0.06565000,2806491.00000000
1758985200000,0.06566000,0.06619000,0.06543000,0.06595000,2254318.00000000
1758988800000,0.06596000,0.06600000,0.06525000,0.06540000,764045.00000000
1758992400000,0.06541000,0.06550000,0.06491000,0.06549000,1530124.00000000
1758996000000,0.06548000,0.06548000,0.06505000,0.06511000,854533.00000000
1758999600000,0.06511000,0.06534000,0.06496000,0.06506000,590301.00000000
1759003200000,0.06507000,0.06534000,0.06493000,0.06504000,722511.00000000
1759006800000,0.06505000,0.06521000,0.06497000,0.06509000,644851.00000000
1759010400000,0.06509000,0.06550000,0.06486000,0.06492000,1026889.00000000
1759014000000,0.06494000,0.06512000,0.06455000,0.06458000,1810137.00000000
1759017600000,0.06458000,0.06483000,0.06437000,0.06453000,1694119.00000000
1759021200000,0.06454000,0.06489000,0.06444000,0.06463000,1787619.00000000
1759024800000,0.06463000,0.06477000,0.06430000,0.06437000,1231240.00000000
1759028400000,0.06437000,0.06443000,0.06413000,0.06423000,535793.00000000
1759032000000,0.06421000,0.06436000,0.06410000,0.06420000,1622220.00000000
1759035600000,0.06420000,0.06452000,0.06396000,0.06451000,2628522.00000000
1759039200000,0.06451000,0.06509000,0.06440000,0.06499000,870196.00000000
1759042800000,0.06498000,0.06546000,0.06493000,0.06535000,1031899.00000000
1759046400000,0.06535000,0.06544000,0.06474000,0.06517000,1375720.00000000
1759050000000,0.06516000,0.06615000,0.06443000,0.06515000,9325823.00000000
1759053600000,0.06514000,0.06563000,0.06514000,0.06556000,1322350.00000000
1759057200000,0.06556000,0.06612000,0.06528000,0.06611000,2392592.00000000
1759060800000,0.06610000,0.06628000,0.06558000,0.06624000,1733761.00000000
1759064400000,0.06624000,0.06818000,0.06614000,0.06729000,9391472.00000000
1759068000000,0.06729000,0.06740000,0.06653000,0.06718000,4079327.00000000
1759071600000,0.06719000,0.06787000,0.06685000,0.06778000,2322757.00000000
1759075200000,0.06777000,0.06784000,0.06711000,0.06735000,1891366.00000000
1759078800000,0.06735000,0.06804000,0.06711000,0.06787000,4477744.00000000
1759082400000,0.06788000,0.06857000,0.06734000,0.06848000,1924860.00000000
1759086000000,0.06847000,0.06909000,0.06812000,0.06851000,3360635.00000000
1759089600000,0.06849000,0.06892000,0.06808000,0.06854000,2195964.00000000
1759093200000,0.06854000,0.06864000,0.06781000,0.06807000,2298394.00000000
1759096800000,0.06806000,0.06899000,0.06806000,0.06875000,1464028.00000000
1759100400000,0.06876000,0.06899000,0.06852000,0.06861000,725134.00000000
1759104000000,0.06862000,0.06876000,0.06798000,0.06798000,1080244.00000000
1759107600000,0.06800000,0.06809000,0.06718000,0.06734000,1875909.00000000
1759111200000,0.06735000,0.06770000,0.06725000,0.06764000,627906.00000000
1759114800000,0.06763000,0.06822000,0.06760000,0.06801000,1805641.00000000
1759118400000,0.06802000,0.06814000,0.06746000,0.06770000,1336138.00000000
1759122000000,0.06770000,0.06770000,0.06692000,0.06726000,991418.00000000
1759125600000,0.06725000,0.06728000,0.06670000,0.06692000,2165064.00000000
1759129200000,0.06691000,0.06800000,0.06675000,0.06776000,2752836.00000000
1759132800000,0.06776000,0.06825000,0.06750000,0.06774000,1903087.00000000
1759136400000,0.06774000,0.06783000,0.06717000,0.06736000,1474409.00000000
1759140000000,0.06736000,0.06818000,0.06729000,0.06797000,2061561.00000000
1759143600000,0.06797000,0.06849000,0.06746000,0.06833000,3435221.00000000
1759147200000,0.06831000,0.06887000,0.06713000,0.06725000,4496609.00000000
1759150800000,0.06725000,0.06810000,0.06578000,0.06800000,5826503.00000000
1759154400000,0.06800000,0.06877000,0.06776000,0.06809000,8086524.00000000
1759158000000,0.06808000,0.06821000,0.06673000,0.06681000,6611387.00000000
1759161600000,0.06681000,0.06714000,0.06656000,0.06659000,2413030.00000000
1759165200000,0.06658000,0.06708000,0.06604000,0.06688000,3111843.00000000
1759168800000,0.06687000,0.06687000,0.06594000,0.06597000,4020891.00000000
1759172400000,0.06598000,0.06606000,0.06531000,0.06583000,4777528.00000000
1759176000000,0.06583000,0.06665000,0.06582000,0.06603000,4467612.00000000
1759179600000,0.06604000,0.06654000,0.06603000,0.06611000,922889.00000000
1759183200000,0.06610000,0.06611000,0.06577000,0.06580000,922285.00000000
1759186800000,0.06581000,0.06583000,0.06534000,0.06560000,757458.00000000
1759190400000,0.06558000,0.06598000,0.06544000,0.06553000,2777276.00000000
1759194000000,0.06552000,0.06601000,0.06528000,0.06574000,2495893.00000000
1759197600000,0.06573000,0.06573000,0.06538000,0.06539000,612956.00000000
1759201200000,0.06538000,0.06568000,0.06521000,0.06526000,1810624.00000000
1759204800000,0.06528000,0.06529000,0.06469000,0.06470000,2732522.00000000
1759208400000,0.06472000,0.06494000,0.06422000,0.06469000,4868020.00000000
1759212000000,0.06468000,0.06532000,0.06453000,0.06503000,2909533.00000000
1759215600000,0.06503000,0.06545000,0.06483000,0.06525000,2599001.00000000
1759219200000,0.06526000,0.06589000,0.06517000,0.06578000,3912950.00000000
1759222800000,0.06580000,0.06614000,0.06509000,0.06566000,6172778.00000000
1759226400000,0.06565000,0.06659000,0.06555000,0.06647000,2258755.00000000
1759230000000,0.06646000,0.06751000,0.06646000,0.06663000,3538138.00000000
1759233600000,0.06664000,0.06692000,0.06568000,0.06604000,8791013.00000000
1759237200000,0.06603000,0.06642000,0.06556000,0.06592000,2520163.00000000
1759240800000,0.06592000,0.06638000,0.06538000,0.06626000,3542467.00000000
1759244400000,0.06626000,0.06626000,0.06491000,0.06531000,3903942.00000000
1759248000000,0.06532000,0.06768000,0.06511000,0.06720000,8473993.00000000
1759251600000,0.06720000,0.06876000,0.06681000,0.06784000,9682373.00000000
1759255200000,0.06783000,0.06850000,0.06770000,0.06811000,2648674.00000000
1759258800000,0.06813000,0.06838000,0.06743000,0.06791000,3401747.00000000
1759262400000,0.06790000,0.06886000,0.06777000,0.06835000,2855013.00000000
1759266000000,0.06836000,0.06888000,0.06796000,0.06803000,6836407.00000000
1759269600000,0.06802000,0.06828000,0.06761000,0.06773000,3440895.00000000
1759273200000,0.06773000,0.06809000,0.06744000,0.06799000,2161312.00000000
1759276800000,0.06799000,0.06846000,0.06780000,0.06800000,4376504.00000000
1759280400000,0.06800000,0.06853000,0.06767000,0.06853000,2892211.00000000
1759284000000,0.06854000,0.06887000,0.06824000,0.06880000,1711769.00000000
1759287600000,0.06880000,0.06892000,0.06733000,0.06739000,4119274.00000000
1759291200000,0.06740000,0.06820000,0.06739000,0.06743000,2294822.00000000
1759294800000,0.06743000,0.06834000,0.06743000,0.06783000,5500999.00000000
1759298400000,0.06782000,0.06840000,0.06718000,0.06759000,3623889.00000000
1759302000000,0.06760000,0.06796000,0.06735000,0.06735000,1903702.00000000
1759305600000,0.06734000,0.07011000,0.06734000,0.07002000,6523499.00000000
1759309200000,0.07001000,0.07034000,0.06956000,0.07032000,4226812.00000000
1759312800000,0.07031000,0.07039000,0.06957000,0.07039000,6601841.00000000
1759316400000,0.07038000,0.07200000,0.07011000,0.07151000,12679614.00000000
1759320000000,0.07153000,0.07243000,0.07105000,0.07181000,9431939.00000000
1759323600000,0.07184000,0.07235000,0.07108000,0.07204000,8085865.00000000
1759327200000,0.07203000,0.07213000,0.07056000,0.07143000,14636054.00000000
1759330800000,0.07144000,0.07235000,0.07058000,0.07085000,23249946.00000000
1759334400000,0.07084000,0.07084000,0.06902000,0.06951000,13896283.00000000
1759338000000,0.06952000,0.07115000,0.06949000,0.07110000,5476510.00000000
1759341600000,0.07109000,0.07275000,0.07091000,0.07264000,8564601.00000000
1759345200000,0.07262000,0.07299000,0.07228000,0.07235000,6612197.00000000
1759348800000,0.07235000,0.07237000,0.07090000,0.07104000,3852719.00000000
1759352400000,0.07105000,0.07130000,0.07095000,0.07108000,1099756.00000000
1759356000000,0.07109000,0.07128000,0.07068000,0.07092000,1110536.00000000
1759359600000,0.07091000,0.07099000,0.07057000,0.07077000,1173238.00000000
1759363200000,0.07078000,0.07115000,0.07047000,0.07049000,1164627.00000000
1759366800000,0.07050000,0.07114000,0.06927000,0.07112000,10465701.00000000
1759370400000,0.07112000,0.07180000,0.07082000,0.07133000,5753157.00000000
1759374000000,0.07132000,0.07132000,0.07060000,0.07073000,1600478.00000000
1759377600000,0.07075000,0.07087000,0.07009000,0.07036000,1880173.00000000
1759381200000,0.07037000,0.07120000,0.07029000,0.07041000,2661540.00000000
1759384800000,0.07040000,0.07092000,0.07031000,0.07058000,1523679.00000000
1759388400000,0.07058000,0.07094000,0.07028000,0.07031000,1566094.00000000
1759392000000,0.07031000,0.07077000,0.06999000,0.07018000,2245752.00000000
1759395600000,0.07018000,0.07041000,0.06974000,0.07020000,4427093.00000000
1759399200000,0.07020000,0.07074000,0.06998000,0.07041000,4466495.00000000
1759402800000,0.07040000,0.07101000,0.07020000,0.07079000,8566679.00000000
1759406400000,0.07078000,0.07108000,0.07038000,0.07074000,5530180.00000000
1759410000000,0.07074000,0.07090000,0.07006000,0.07041000,6532989.00000000
1759413600000,0.07040000,0.07054000,0.06991000,0.07020000,3213513.00000000
1759417200000,0.07016000,0.07036000,0.06952000,0.06970000,4617692.00000000
1759420800000,0.06970000,0.06986000,0.06905000,0.06910000,2795930.00000000
1759424400000,0.06911000,0.06932000,0.06905000,0.06915000,1215804.00000000
1759428000000,0.06914000,0.06976000,0.06913000,0.06969000,3790940.00000000
1759431600000,0.06968000,0.07050000,0.06961000,0.07023000,6246094.00000000
1759435200000,0.07024000,0.07048000,0.06989000,0.07016000,2146707.00000000
1759438800000,0.07015000,0.07072000,0.07009000,0.07046000,1441477.00000000
1759442400000,0.07045000,0.07077000,0.07016000,0.07065000,1806419.00000000
1759446000000,0.07064000,0.07078000,0.06995000,0.07013000,1390990.00000000
1759449600000,0.07013000,0.07025000,0.06965000,0.07017000,1015149.00000000
1759453200000,0.07016000,0.07060000,0.06968000,0.06982000,2401700.00000000
1759456800000,0.06981000,0.07006000,0.06939000,0.06974000,1822324.00000000
1759460400000,0.06975000,0.07022000,0.06953000,0.06970000,1334779.00000000
1759464000000,0.06971000,0.07019000,0.06954000,0.06997000,1803948.00000000
1759467600000,0.06995000,0.07000000,0.06919000,0.06941000,1741964.00000000
1759471200000,0.06944000,0.06944000,0.06821000,0.06855000,3877162.00000000
1759474800000,0.06856000,0.06870000,0.06828000,0.06861000,1969152.00000000
1759478400000,0.06861000,0.06913000,0.06835000,0.06910000,1705326.00000000
1759482000000,0.06910000,0.06922000,0.06883000,0.06911000,1852216.00000000
1759485600000,0.06910000,0.06936000,0.06890000,0.06917000,1355382.00000000
1759489200000,0.06916000,0.06936000,0.06845000,0.06858000,6511506.00000000
1759492800000,0.06859000,0.06881000,0.06828000,0.06830000,2031142.00000000
1759496400000,0.06829000,0.06902000,0.06793000,0.06859000,2516622.00000000
1759500000000,0.06857000,0.06911000,0.06811000,0.06903000,5386202.00000000
1759503600000,0.06903000,0.07001000,0.06892000,0.06998000,4166862.00000000
1759507200000,0.07000000,0.07056000,0.06982000,0.06994000,1754082.00000000
1759510800000,0.06993000,0.06993000,0.06902000,0.06925000,2916285.00000000
1759514400000,0.06926000,0.07001000,0.06872000,0.06981000,1808613.00000000
1759518000000,0.06980000,0.06999000,0.06951000,0.06954000,911003.00000000
1759521600000,0.06954000,0.06980000,0.06920000,0.06980000,1114171.00000000
1759525200000,0.06981000,0.07008000,0.06975000,0.07000000,769726.00000000
1759528800000,0.07001000,0.07015000,0.06932000,0.06959000,3584234.00000000
1759532400000,0.06959000,0.06985000,0.06930000,0.06944000,1087372.00000000
1759536000000,0.06944000,0.06983000,0.06900000,0.06924000,1436608.00000000
1759539600000,0.06925000,0.06926000,0.06856000,0.06864000,4988513.00000000
1759543200000,0.06865000,0.06886000,0.06834000,0.06860000,1005231.00000000
1759546800000,0.06859000,0.06883000,0.06823000,0.06873000,1701304.00000000
1759550400000,0.06872000,0.06904000,0.06845000,0.06875000,2491681.00000000
1759554000000,0.06876000,0.06930000,0.06859000,0.06883000,1456175.00000000
1759557600000,0.06881000,0.06922000,0.06873000,0.06902000,629381.00000000
1759561200000,0.06901000,0.06927000,0.06868000,0.06892000,794117.00000000
1759564800000,0.06894000,0.06905000,0.06823000,0.06840000,1481617.00000000
1759568400000,0.06839000,0.06864000,0.06770000,0.06779000,1364464.00000000
1759572000000,0.06778000,0.06801000,0.06740000,0.06745000,1662941.00000000
1759575600000,0.06744000,0.06790000,0.06717000,0.06749000,2370284.00000000
1759579200000,0.06749000,0.06763000,0.06690000,0.06705000,4439612.00000000
1759582800000,0.06704000,0.06762000,0.06704000,0.06739000,1985240.00000000
1759586400000,0.06739000,0.06764000,0.06692000,0.06693000,1345825.00000000
1759590000000,0.06693000,0.06731000,0.06660000,0.06685000,2289845.00000000
1759593600000,0.06686000,0.06720000,0.06665000,0.06704000,1523926.00000000
1759597200000,0.06705000,0.06726000,0.06670000,0.06685000,1122525.00000000
1759600800000,0.06687000,0.06705000,0.06659000,0.06668000,2031001.00000000
1759604400000,0.06670000,0.06695000,0.06656000,0.06683000,784317.00000000
1759608000000,0.06683000,0.06705000,0.06667000,0.06667000,763629.00000000
1759611600000,0.06669000,0.06683000,0.06666000,0.06670000,766362.00000000
1759615200000,0.06670000,0.06739000,0.06663000,0.06726000,968100.00000000
1759618800000,0.06725000,0.06725000,0.06697000,0.06718000,640385.00000000
1759622400000,0.06717000,0.06753000,0.06687000,0.06688000,1115361.00000000
1759626000000,0.06688000,0.06751000,0.06688000,0.06742000,791940.00000000
1759629600000,0.06742000,0.06847000,0.06732000,0.06837000,1563072.00000000
1759633200000,0.06840000,0.06866000,0.06805000,0.06809000,1014327.00000000
1759636800000,0.06809000,0.06865000,0.06789000,0.06854000,1357100.00000000
1759640400000,0.06853000,0.06887000,0.06822000,0.06834000,1403001.00000000
1759644000000,0.06835000,0.06863000,0.06815000,0.06855000,1048012.00000000
1759647600000,0.06853000,0.06915000,0.06853000,0.06902000,2514468.00000000
1759651200000,0.06905000,0.06920000,0.06868000,0.06919000,1309560.00000000
1759654800000,0.06916000,0.07020000,0.06912000,0.06973000,3635697.00000000
1759658400000,0.06971000,0.06977000,0.06905000,0.06905000,2121919.00000000
1759662000000,0.06908000,0.06934000,0.06860000,0.06909000,3182279.00000000
1759665600000,0.06907000,0.06909000,0.06846000,0.06855000,1450094.00000000
1759669200000,0.06857000,0.06889000,0.06852000,0.06865000,1012013.00000000
1759672800000,0.06867000,0.06894000,0.06823000,0.06868000,2030150.00000000
1759676400000,0.06869000,0.06951000,0.06869000,0.06923000,2531166.00000000
1759680000000,0.06923000,0.06936000,0.06834000,0.06870000,2668504.00000000
1759683600000,0.06871000,0.06881000,0.06797000,0.06812000,2086206.00000000
1759687200000,0.06812000,0.06843000,0.06781000,0.06785000,3055375.00000000
1759690800000,0.06784000,0.06786000,0.06710000,0.06713000,2544647.00000000
1759694400000,0.06714000,0.06756000,0.06708000,0.06729000,1448448.00000000
1759698000000,0.06728000,0.06755000,0.06709000,0.06752000,1039142.00000000
1759701600000,0.06753000,0.06781000,0.06724000,0.06756000,1538792.00000000
1759705200000,0.06754000,0.06754000,0.06704000,0.06717000,1579468.00000000
1759708800000,0.06718000,0.06803000,0.06704000,0.06745000,3359010.00000000
1759712400000,0.06745000,0.06831000,0.06715000,0.06784000,1884097.00000000
1759716000000,0.06783000,0.06806000,0.06744000,0.06788000,1650769.00000000
1759719600000,0.06786000,0.06800000,0.06742000,0.06761000,1039844.00000000
1759723200000,0.06759000,0.06804000,0.06741000,0.06789000,1637032.00000000
1759726800000,0.06790000,0.06835000,0.06763000,0.06819000,1654789.00000000
1759730400000,0.06819000,0.06879000,0.06814000,0.06836000,2381651.00000000
1759734000000,0.06836000,0.06854000,0.06770000,0.06798000,2230469.00000000
1759737600000,0.06799000,0.06826000,0.06784000,0.06804000,1371402.00000000
1759741200000,0.06803000,0.06832000,0.06785000,0.06797000,1485882.00000000
1759744800000,0.06796000,0.06803000,0.06762000,0.06787000,2448988.00000000
1759748400000,0.06787000,0.06823000,0.06771000,0.06808000,1421746.00000000
1759752000000,0.06810000,0.06823000,0.06792000,0.06811000,2369689.00000000
1759755600000,0.06810000,0.06830000,0.06767000,0.06829000,2189763.00000000
1759759200000,0.06830000,0.06883000,0.06811000,0.06825000,1999693.00000000
1759762800000,0.06826000,0.06886000,0.06826000,0.06854000,1585440.00000000
1759766400000,0.06856000,0.06866000,0.06808000,0.06826000,1665722.00000000
1759770000000,0.06826000,0.06864000,0.06825000,0.06852000,1192695.00000000
1759773600000,0.06851000,0.06967000,0.06848000,0.06946000,2066705.00000000
1759777200000,0.06948000,0.06948000,0.06884000,0.06899000,3628590.00000000
1759780800000,0.06899000,0.06933000,0.06898000,0.06921000,970527.00000000
1759784400000,0.06920000,0.06930000,0.06889000,0.06920000,847216.00000000
1759788000000,0.06923000,0.06936000,0.06879000,0.06919000,1396534.00000000
1759791600000,0.06920000,0.06941000,0.06901000,0.06933000,918084.00000000
1759795200000,0.06932000,0.06988000,0.06918000,0.06966000,1894762.00000000
1759798800000,0.06966000,0.07020000,0.06934000,0.06947000,4412301.00000000
1759802400000,0.06949000,0.06959000,0.06906000,0.06930000,2281863.00000000
1759806000000,0.06931000,0.06986000,0.06913000,0.06933000,1298922.00000000
1759809600000,0.06932000,0.07042000,0.06885000,0.07011000,4585601.00000000
1759813200000,0.07012000,0.07028000,0.06979000,0.06988000,2277728.00000000
1759816800000,0.06989000,0.07003000,0.06905000,0.06918000,1900797.00000000
1759820400000,0.06918000,0.06987000,0.06901000,0.06978000,2201108.00000000
1759824000000,0.06978000,0.07001000,0.06929000,0.06963000,3303195.00000000
1759827600000,0.06962000,0.06988000,0.06932000,0.06957000,1581226.00000000
1759831200000,0.06953000,0.07020000,0.06941000,0.07006000,2335177.00000000
1759834800000,0.07007000,0.07014000,0.06975000,0.07003000,1736013.00000000
1759838400000,0.07002000,0.07002000,0.06933000,0.06974000,1958053.00000000
1759842000000,0.06975000,0.07009000,0.06809000,0.06883000,5557995.00000000
1759845600000,0.06882000,0.06889000,0.06722000,0.06724000,4112273.00000000
1759849200000,0.06725000,0.06791000,0.06676000,0.06776000,5797342.00000000
1759852800000,0.06774000,0.06855000,0.06714000,0.06812000,3380629.00000000
1759856400000,0.06811000,0.06830000,0.06746000,0.06758000,2778929.00000000
1759860000000,0.06759000,0.06771000,0.06699000,0.06701000,2094212.00000000
1759863600000,0.06700000,0.06740000,0.06680000,0.06708000,1476853.00000000
1759867200000,0.06710000,0.06745000,0.06708000,0.06725000,757750.00000000
1759870800000,0.06724000,0.06744000,0.06686000,0.06705000,1063537.00000000
1759874400000,0.06703000,0.06729000,0.06678000,0.06700000,983566.00000000
1759878000000,0.06699000,0.06702000,0.06627000,0.06670000,1323829.00000000
1759881600000,0.06669000,0.06692000,0.06629000,0.06671000,1063699.00000000
1759885200000,0.06670000,0.06725000,0.06662000,0.06707000,1200114.00000000
1759888800000,0.06705000,0.06735000,0.06685000,0.06697000,921341.00000000
1759892400000,0.06696000,0.06709000,0.06611000,0.06624000,2899702.00000000
1759896000000,0.06625000,0.06658000,0.06593000,0.06648000,1358884.00000000
1759899600000,0.06648000,0.06653000,0.06622000,0.06626000,1217127.00000000
1759903200000,0.06628000,0.06636000,0.06593000,0.06618000,1613783.00000000
1759906800000,0.06622000,0.06667000,0.06608000,0.06665000,1342891.00000000
1759910400000,0.06666000,0.06715000,0.06647000,0.06668000,1829360.00000000
1759914000000,0.06670000,0.06678000,0.06631000,0.06650000,633947.00000000
1759917600000,0.06651000,0.06708000,0.06650000,0.06684000,1418210.00000000
1759921200000,0.06685000,0.06702000,0.06674000,0.06690000,1121689.00000000
1759924800000,0.06690000,0.06737000,0.06677000,0.06727000,966691.00000000
1759928400000,0.06727000,0.06746000,0.06659000,0.06721000,1751060.00000000
1759932000000,0.06722000,0.06776000,0.06683000,0.06696000,1622316.00000000
1759935600000,0.06697000,0.06743000,0.06660000,0.06692000,3770229.00000000
1759939200000,0.06693000,0.06734000,0.06682000,0.06733000,1963964.00000000
1759942800000,0.06734000,0.06796000,0.06734000,0.06781000,1425655.00000000
1759946400000,0.06782000,0.06852000,0.06769000,0.06839000,2313076.00000000
1759950000000,0.06839000,0.06895000,0.06813000,0.06837000,2541575.00000000
1759953600000,0.06837000,0.06844000,0.06796000,0.06801000,1126317.00000000
1759957200000,0.06800000,0.06839000,0.06791000,0.06818000,1037011.00000000
1759960800000,0.06819000,0.06921000,0.06819000,0.06889000,1749127.00000000
1759964400000,0.06888000,0.06918000,0.06855000,0.06897000,981443.00000000
1759968000000,0.06896000,0.06903000,0.06859000,0.06867000,1488708.00000000
1759971600000,0.06867000,0.06870000,0.06768000,0.06801000,2133716.00000000
1759975200000,0.06801000,0.06801000,0.06671000,0.06683000,2360498.00000000
1759978800000,0.06685000,0.06754000,0.06685000,0.06751000,968093.00000000
1759982400000,0.06750000,0.06806000,0.06744000,0.06806000,1073399.00000000
1759986000000,0.06806000,0.06826000,0.06789000,0.06796000,969600.00000000
1759989600000,0.06795000,0.06800000,0.06780000,0.06780000,1478517.00000000
1759993200000,0.06780000,0.06810000,0.06715000,0.06722000,4242225.00000000
1759996800000,0.06720000,0.06730000,0.06587000,0.06604000,2532311.00000000
1760000400000,0.06604000,0.06642000,0.06592000,0.06607000,1239631.00000000
1760004000000,0.06608000,0.06630000,0.06574000,0.06614000,1344752.00000000
1760007600000,0.06612000,0.06654000,0.06609000,0.06625000,985956.00000000
1760011200000,0.06626000,0.06735000,0.06620000,0.06724000,3725298.00000000
1760014800000,0.06724000,0.06730000,0.06668000,0.06671000,3409895.00000000
1760018400000,0.06668000,0.06698000,0.06590000,0.06642000,1454194.00000000
1760022000000,0.06643000,0.06694000,0.06627000,0.06639000,1607960.00000000
1760025600000,0.06640000,0.06655000,0.06602000,0.06613000,1243330.00000000
1760029200000,0.06612000,0.06686000,0.06608000,0.06686000,1431676.00000000
1760032800000,0.06683000,0.06701000,0.06656000,0.06656000,951672.00000000
1760036400000,0.06655000,0.06696000,0.06652000,0.06667000,883914.00000000
1760040000000,0.06669000,0.06689000,0.06646000,0.06667000,1264041.00000000
1760043600000,0.06668000,0.06701000,0.06665000,0.06674000,658461.00000000
1760047200000,0.06674000,0.06711000,0.06648000,0.06692000,1120391.00000000
1760050800000,0.06691000,0.06695000,0.06676000,0.06694000,408684.00000000
1760054400000,0.06693000,0.06701000,0.06677000,0.06694000,437056.00000000
1760058000000,0.06694000,0.06775000,0.06691000,0.06768000,1045321.00000000
1760061600000,0.06769000,0.06815000,0.06746000,0.06777000,1333603.00000000
1760065200000,0.06779000,0.06846000,0.06746000,0.06792000,1832179.00000000
1760068800000,0.06792000,0.06820000,0.06759000,0.06774000,1150497.00000000
1760072400000,0.06773000,0.06846000,0.06741000,0.06824000,1659250.00000000
1760076000000,0.06825000,0.06852000,0.06755000,0.06791000,1995317.00000000
1760079600000,0.06790000,0.06811000,0.06741000,0.06744000,1965171.00000000
1760083200000,0.06744000,0.06829000,0.06740000,0.06821000,1732451.00000000
1760086800000,0.06820000,0.06834000,0.06771000,0.06810000,1318511.00000000
1760090400000,0.06809000,0.06828000,0.06802000,0.06823000,1378343.00000000
1760094000000,0.06825000,0.06838000,0.06781000,0.06787000,1255344.00000000
1760097600000,0.06787000,0.06801000,0.06771000,0.06789000,855675.00000000
1760101200000,0.06790000,0.06866000,0.06790000,0.06828000,1828676.00000000
1760104800000,0.06828000,0.06840000,0.06720000,0.06723000,1904555.00000000
1760108400000,0.06722000,0.06726000,0.06422000,0.06496000,9779476.00000000
1760112000000,0.06496000,0.06592000,0.06474000,0.06561000,8466174.00000000
1760115600000,0.06563000,0.06569000,0.06516000,0.06531000,1910826.00000000
1760119200000,0.06532000,0.06554000,0.06464000,0.06470000,2401967.00000000
1760122800000,0.06472000,0.06525000,0.06453000,0.06498000,3392271.00000000
1760126400000,0.06497000,0.06529000,0.06306000,0.06381000,6238391.00000000
1760130000000,0.06392000,0.06422000,0.03491000,0.05540000,35283638.00000000
1760133600000,0.05541000,0.06024000,0.05188000,0.05977000,42461803.00000000
1760137200000,0.05984000,0.06303000,0.05903000,0.06107000,27857536.00000000
1760140800000,0.06112000,0.06313000,0.06051000,0.06137000,17820976.00000000
1760144400000,0.06141000,0.06189000,0.05934000,0.05934000,13222466.00000000
1760148000000,0.05933000,0.06167000,0.05925000,0.06033000,8386990.00000000
1760151600000,0.06037000,0.06041000,0.05809000,0.05851000,9742801.00000000
1760155200000,0.05851000,0.05911000,0.05834000,0.05867000,2835038.00000000
1760158800000,0.05871000,0.05878000,0.05681000,0.05766000,4998547.00000000
1760162400000,0.05768000,0.05890000,0.05700000,0.05786000,15585526.00000000
1760166000000,0.05786000,0.05790000,0.05726000,0.05747000,4810376.00000000
1760169600000,0.05757000,0.06006000,0.05720000,0.05887000,6657519.00000000
1760173200000,0.05888000,0.05930000,0.05859000,0.05890000,3795576.00000000
1760176800000,0.05892000,0.05917000,0.05849000,0.05887000,2265855.00000000
1760180400000,0.05887000,0.05900000,0.05842000,0.05867000,2850777.00000000
1760184000000,0.05866000,0.05884000,0.05820000,0.05855000,4605436.00000000
1760187600000,0.05856000,0.05907000,0.05813000,0.05893000,3495090.00000000
1760191200000,0.05894000,0.05904000,0.05832000,0.05852000,2612694.00000000
1760194800000,0.05852000,0.05894000,0.05838000,0.05869000,1946685.00000000
1760198400000,0.05868000,0.05888000,0.05837000,0.05856000,1843964.00000000
1760202000000,0.05854000,0.05889000,0.05823000,0.05853000,4022679.00000000
1760205600000,0.05854000,0.05898000,0.05823000,0.05864000,1155956.00000000
1760209200000,0.05861000,0.05873000,0.05798000,0.05848000,8178304.00000000
1760212800000,0.05848000,0.05866000,0.05775000,0.05814000,7774492.00000000
1760216400000,0.05815000,0.05857000,0.05600000,0.05819000,18162022.00000000
1760220000000,0.05821000,0.05848000,0.05802000,0.05805000,1534101.00000000
1760223600000,0.05805000,0.05817000,0.05781000,0.05800000,1553237.00000000
1760227200000,0.05798000,0.05868000,0.05773000,0.05798000,2386044.00000000
1760230800000,0.05797000,0.05826000,0.05783000,0.05797000,2811366.00000000
1760234400000,0.05795000,0.05827000,0.05785000,0.05795000,2077686.00000000
1760238000000,0.05795000,0.05894000,0.05786000,0.05846000,1768135.00000000
1760241600000,0.05846000,0.05950000,0.05846000,0.05919000,1425581.00000000
1760245200000,0.05920000,0.05928000,0.05891000,0.05891000,1253250.00000000
1760248800000,0.05891000,0.05959000,0.05891000,0.05940000,949727.00000000
1760252400000,0.05940000,0.05956000,0.05901000,0.05911000,954164.00000000
1760256000000,0.05911000,0.05931000,0.05878000,0.05878000,1312279.00000000
1760259600000,0.05879000,0.05928000,0.05847000,0.05926000,1260595.00000000
1760263200000,0.05926000,0.05940000,0.05845000,0.05845000,1648674.00000000
1760266800000,0.05846000,0.05871000,0.05821000,0.05848000,1627588.00000000
1760270400000,0.05849000,0.05899000,0.05849000,0.05870000,1221877.00000000
1760274000000,0.05870000,0.05894000,0.05807000,0.05839000,1607845.00000000
1760277600000,0.05838000,0.05999000,0.05815000,0.05947000,3549210.00000000
1760281200000,0.05947000,0.06128000,0.05947000,0.06074000,4089185.00000000
1760284800000,0.06073000,0.06219000,0.06070000,0.06173000,2955000.00000000
1760288400000,0.06171000,0.06211000,0.06130000,0.06174000,1947283.00000000
1760292000000,0.06173000,0.06187000,0.06098000,0.06149000,2190668.00000000
1760295600000,0.06147000,0.06258000,0.06146000,0.06249000,1365129.00000000
1760299200000,0.06250000,0.06307000,0.06209000,0.06293000,2996913.00000000
1760302800000,0.06291000,0.06354000,0.06254000,0.06340000,2208394.00000000
1760306400000,0.06341000,0.06383000,0.06316000,0.06339000,1262550.00000000
1760310000000,0.06341000,0.06344000,0.06279000,0.06301000,1790377.00000000
1760313600000,0.06303000,0.06372000,0.06243000,0.06252000,1585085.00000000
1760317200000,0.06251000,0.06318000,0.06196000,0.06312000,2516094.00000000
1760320800000,0.06312000,0.06332000,0.06213000,0.06249000,1904631.00000000
1760324400000,0.06250000,0.06305000,0.06224000,0.06247000,2225798.00000000
1760328000000,0.06248000,0.06283000,0.06228000,0.06277000,982001.00000000
1760331600000,0.06276000,0.06280000,0.06235000,0.06250000,1068132.00000000
1760335200000,0.06251000,0.06333000,0.06219000,0.06298000,1365078.00000000
1760338800000,0.06297000,0.06363000,0.06280000,0.06293000,1412471.00000000
1760342400000,0.06294000,0.06343000,0.06275000,0.06329000,2435147.00000000
1760346000000,0.06328000,0.06374000,0.06304000,0.06356000,1984068.00000000
1760349600000,0.06355000,0.06381000,0.06304000,0.06378000,2529141.00000000
1760353200000,0.06378000,0.06486000,0.06284000,0.06423000,7017357.00000000
1760356800000,0.06422000,0.06569000,0.06311000,0.06329000,7328179.00000000
1760360400000,0.06330000,0.06424000,0.06204000,0.06375000,10997417.00000000
1760364000000,0.06375000,0.06400000,0.06236000,0.06286000,6948048.00000000
1760367600000,0.06288000,0.06360000,0.06280000,0.06353000,2727215.00000000
1760371200000,0.06354000,0.06414000,0.06345000,0.06401000,2514455.00000000
1760374800000,0.06402000,0.06520000,0.06402000,0.06514000,2871600.00000000
1760378400000,0.06513000,0.06522000,0.06440000,0.06468000,2760175.00000000
1760382000000,0.06467000,0.06529000,0.06456000,0.06510000,1533825.00000000
1760385600000,0.06509000,0.06528000,0.06494000,0.06527000,1220897.00000000
1760389200000,0.06526000,0.06554000,0.06501000,0.06517000,768744.00000000
1760392800000,0.06515000,0.06569000,0.06515000,0.06540000,848914.00000000
1760396400000,0.06539000,0.06566000,0.06512000,0.06533000,1364816.00000000
1760400000000,0.06534000,0.06551000,0.06478000,0.06499000,1121282.00000000
1760403600000,0.06498000,0.06516000,0.06457000,0.06476000,1349817.00000000
1760407200000,0.06477000,0.06484000,0.06413000,0.06423000,1544939.00000000
1760410800000,0.06425000,0.06429000,0.06357000,0.06395000,2249517.00000000
1760414400000,0.06397000,0.06421000,0.06278000,0.06284000,3301584.00000000
1760418000000,0.06283000,0.06344000,0.06214000,0.06229000,2769922.00000000
1760421600000,0.06229000,0.06269000,0.05943000,0.06027000,8257040.00000000
1760425200000,0.06028000,0.06070000,0.05975000,0.06005000,4669573.00000000
1760428800000,0.06004000,0.06133000,0.05966000,0.06119000,3049439.00000000
1760432400000,0.06119000,0.06218000,0.06114000,0.06174000,4194870.00000000
1760436000000,0.06175000,0.06177000,0.06006000,0.06102000,4435364.00000000
1760439600000,0.06103000,0.06185000,0.06072000,0.06086000,5313941.00000000
1760443200000,0.06086000,0.06097000,0.06021000,0.06032000,2476409.00000000
1760446800000,0.06033000,0.06130000,0.05984000,0.06110000,3261185.00000000
1760450400000,0.06110000,0.06223000,0.06079000,0.06132000,10132071.00000000
1760454000000,0.06132000,0.06311000,0.06115000,0.06301000,6032625.00000000
1760457600000,0.06301000,0.06475000,0.06240000,0.06262000,8416050.00000000
1760461200000,0.06263000,0.06323000,0.06197000,0.06268000,3753740.00000000
1760464800000,0.06268000,0.06315000,0.06200000,0.06227000,3402234.00000000
1760468400000,0.06228000,0.06278000,0.06146000,0.06211000,3636947.00000000
1760472000000,0.06211000,0.06272000,0.06175000,0.06241000,1757574.00000000
1760475600000,0.06241000,0.06285000,0.06213000,0.06278000,1082391.00000000
1760479200000,0.06280000,0.06324000,0.06275000,0.06297000,956983.00000000
1760482800000,0.06295000,0.06364000,0.06295000,0.06341000,1058196.00000000
1760486400000,0.06340000,0.06389000,0.06305000,0.06389000,1919587.00000000
1760490000000,0.06389000,0.06399000,0.06308000,0.06388000,2297490.00000000
1760493600000,0.06388000,0.06432000,0.06371000,0.06377000,1784952.00000000
1760497200000,0.06378000,0.06391000,0.06316000,0.06326000,1748020.00000000
1760500800000,0.06326000,0.06377000,0.06292000,0.06376000,1605965.00000000
1760504400000,0.06377000,0.06387000,0.06334000,0.06371000,1698754.00000000
1760508000000,0.06371000,0.06429000,0.06333000,0.06419000,2091503.00000000
1760511600000,0.06420000,0.06463000,0.06401000,0.06463000,1891293.00000000
1760515200000,0.06462000,0.06490000,0.06272000,0.06286000,4189803.00000000
1760518800000,0.06286000,0.06323000,0.06231000,0.06245000,1528431.00000000
1760522400000,0.06245000,0.06254000,0.06197000,0.06208000,894727.00000000
1760526000000,0.06207000,0.06223000,0.06128000,0.06166000,3215761.00000000
1760529600000,0.06165000,0.06171000,0.06098000,0.06144000,1811634.00000000
1760533200000,0.06143000,0.06177000,0.06071000,0.06140000,2184746.00000000
1760536800000,0.06141000,0.06214000,0.06084000,0.06111000,2420131.00000000
1760540400000,0.06111000,0.06115000,0.05997000,0.06009000,4714022.00000000
1760544000000,0.06010000,0.06062000,0.05990000,0.06027000,1980490.00000000
1760547600000,0.06026000,0.06042000,0.05988000,0.06031000,1518920.00000000
1760551200000,0.06032000,0.06038000,0.05855000,0.06021000,14826232.00000000
1760554800000,0.06020000,0.06046000,0.05964000,0.05972000,2262834.00000000
1760558400000,0.05973000,0.06012000,0.05894000,0.05953000,3478119.00000000
1760562000000,0.05952000,0.05993000,0.05923000,0.05961000,1060559.00000000
1760565600000,0.05961000,0.05999000,0.05948000,0.05960000,828372.00000000
1760569200000,0.05959000,0.06001000,0.05959000,0.05991000,1257322.00000000
1760572800000,0.05991000,0.06006000,0.05957000,0.05970000,1301037.00000000
1760576400000,0.05969000,0.06045000,0.05965000,0.06028000,815769.00000000
1760580000000,0.06030000,0.06056000,0.05996000,0.06031000,965598.00000000
1760583600000,0.06031000,0.06033000,0.06007000,0.06013000,653841.00000000
1760587200000,0.06014000,0.06036000,0.05965000,0.05981000,1147715.00000000
1760590800000,0.05980000,0.06010000,0.05952000,0.05972000,890040.00000000
1760594400000,0.05973000,0.06050000,0.05973000,0.06029000,1343187.00000000
1760598000000,0.06029000,0.06034000,0.05910000,0.05953000,3752193.00000000
1760601600000,0.05954000,0.05964000,0.05927000,0.05944000,926268.00000000
1760605200000,0.05945000,0.06041000,0.05853000,0.06016000,4217178.00000000
1760608800000,0.06017000,0.06052000,0.06001000,0.06025000,2836833.00000000
1760612400000,0.06024000,0.06036000,0.05974000,0.06009000,1582236.00000000
1760616000000,0.06010000,0.06030000,0.06000000,0.06010000,905207.00000000
1760619600000,0.06009000,0.06036000,0.05966000,0.05980000,1330612.00000000
1760623200000,0.05979000,0.06034000,0.05922000,0.05967000,1532938.00000000
1760626800000,0.05969000,0.05982000,0.05877000,0.05908000,3373884.00000000
1760630400000,0.05907000,0.06038000,0.05869000,0.06031000,3959512.00000000
1760634000000,0.06032000,0.06032000,0.05979000,0.06006000,1973626.00000000
1760637600000,0.06006000,0.06033000,0.05955000,0.06018000,2624978.00000000
1760641200000,0.06017000,0.06041000,0.05975000,0.06028000,3665021.00000000
1760644800000,0.06028000,0.06035000,0.05988000,0.06022000,1822251.00000000
1760648400000,0.06023000,0.06048000,0.06016000,0.06031000,2104980.00000000
1760652000000,0.06032000,0.06038000,0.05960000,0.05985000,3856886.00000000
1760655600000,0.05984000,0.06034000,0.05970000,0.06030000,5514574.00000000
1760659200000,0.06029000,0.06038000,0.06017000,0.06033000,1421747.00000000
1760662800000,0.06032000,0.06039000,0.05974000,0.05999000,2568457.00000000
1760666400000,0.05998000,0.06010000,0.05956000,0.05994000,3715189.00000000
1760670000000,0.05994000,0.06035000,0.05993000,0.06032000,1333532.00000000
1760673600000,0.06032000,0.06048000,0.05998000,0.06030000,2382278.00000000
1760677200000,0.06030000,0.06039000,0.06014000,0.06030000,1669399.00000000
1760680800000,0.06030000,0.06037000,0.05893000,0.05958000,5215780.00000000
1760684400000,0.05959000,0.05964000,0.05873000,0.05901000,10322625.00000000
1760688000000,0.05902000,0.05934000,0.05826000,0.05871000,7472952.00000000
1760691600000,0.05871000,0.05939000,0.05800000,0.05854000,13417200.00000000
1760695200000,0.05854000,0.05936000,0.05800000,0.05927000,4447745.00000000
1760698800000,0.05928000,0.06045000,0.05907000,0.06023000,2680253.00000000
1760702400000,0.06023000,0.06035000,0.05970000,0.05991000,1681513.00000000
1760706000000,0.05992000,0.06005000,0.05898000,0.05939000,8843840.00000000
1760709600000,0.05938000,0.05938000,0.05822000,0.05888000,5598947.00000000
1760713200000,0.05886000,0.05969000,0.05883000,0.05969000,8055819.00000000
1760716800000,0.05969000,0.06038000,0.05963000,0.05985000,2893837.00000000
1760720400000,0.05986000,0.06004000,0.05941000,0.05978000,1646108.00000000
1760724000000,0.05979000,0.06036000,0.05974000,0.05982000,1737491.00000000
1760727600000,0.05983000,0.06004000,0.05953000,0.05961000,906795.00000000
1760731200000,0.05961000,0.05979000,0.05907000,0.05922000,1867797.00000000
1760734800000,0.05922000,0.05962000,0.05918000,0.05929000,1506040.00000000
1760738400000,0.05930000,0.05932000,0.05846000,0.05890000,2245382.00000000
1760742000000,0.05889000,0.05895000,0.05868000,0.05883000,851545.00000000
1760745600000,0.05885000,0.05902000,0.05870000,0.05892000,645115.00000000
1760749200000,0.05893000,0.05934000,0.05871000,0.05920000,937384.00000000
1760752800000,0.05922000,0.05934000,0.05875000,0.05887000,459374.00000000
1760756400000,0.05887000,0.05904000,0.05884000,0.05888000,357771.00000000
1760760000000,0.05889000,0.05896000,0.05844000,0.05865000,2592668.00000000
1760763600000,0.05866000,0.05968000,0.05866000,0.05930000,3026970.00000000
1760767200000,0.05933000,0.05989000,0.05922000,0.05930000,2582055.00000000
1760770800000,0.05930000,0.05992000,0.05916000,0.05933000,788065.00000000
1760774400000,0.05932000,0.05949000,0.05920000,0.05922000,354802.00000000
1760778000000,0.05923000,0.05938000,0.05904000,0.05925000,444955.00000000
1760781600000,0.05926000,0.05933000,0.05912000,0.05928000,248823.00000000
1760785200000,0.05929000,0.05940000,0.05915000,0.05932000,439765.00000000
1760788800000,0.05933000,0.05935000,0.05918000,0.05921000,271844.00000000
1760792400000,0.05921000,0.05926000,0.05881000,0.05896000,765034.00000000
1760796000000,0.05895000,0.05933000,0.05884000,0.05914000,261997.00000000
1760799600000,0.05913000,0.05917000,0.05875000,0.05891000,1115689.00000000
1760803200000,0.05893000,0.05894000,0.05844000,0.05873000,1070576.00000000
1760806800000,0.05872000,0.05904000,0.05854000,0.05901000,495776.00000000
1760810400000,0.05899000,0.05906000,0.05883000,0.05886000,172828.00000000
1760814000000,0.05887000,0.05902000,0.05882000,0.05902000,129368.00000000
1760817600000,0.05902000,0.05911000,0.05893000,0.05900000,321078.00000000
1760821200000,0.05899000,0.05902000,0.05886000,0.05900000,209212.00000000
1760824800000,0.05901000,0.05908000,0.05886000,0.05893000,302386.00000000
1760828400000,0.05893000,0.05917000,0.05882000,0.05910000,300298.00000000
1760832000000,0.05909000,0.05915000,0.05888000,0.05897000,314128.00000000
1760835600000,0.05896000,0.05902000,0.05836000,0.05861000,6075561.00000000
1760839200000,0.05860000,0.05860000,0.05843000,0.05852000,343173.00000000
1760842800000,0.05851000,0.05893000,0.05846000,0.05885000,1155935.00000000
1760846400000,0.05885000,0.05911000,0.05878000,0.05889000,1079802.00000000
1760850000000,0.05890000,0.05896000,0.05868000,0.05873000,458088.00000000
1760853600000,0.05873000,0.05875000,0.05831000,0.05848000,1904771.00000000
1760857200000,0.05846000,0.05864000,0.05846000,0.05855000,284267.00000000
1760860800000,0.05856000,0.05988000,0.05856000,0.05908000,4244748.00000000
1760864400000,0.05907000,0.05945000,0.05866000,0.05918000,3428085.00000000
1760868000000,0.05917000,0.05962000,0.05905000,0.05931000,1894053.00000000
1760871600000,0.05933000,0.05960000,0.05913000,0.05929000,1605189.00000000
1760875200000,0.05929000,0.05932000,0.05909000,0.05927000,819695.00000000
1760878800000,0.05929000,0.05999000,0.05922000,0.05989000,2250166.00000000
1760882400000,0.05990000,0.05992000,0.05949000,0.05965000,2251791.00000000
1760886000000,0.05965000,0.05966000,0.05910000,0.05931000,1397865.00000000
1760889600000,0.05931000,0.05942000,0.05919000,0.05925000,806319.00000000
1760893200000,0.05925000,0.05959000,0.05887000,0.05903000,1689337.00000000
1760896800000,0.05904000,0.05925000,0.05898000,0.05922000,767391.00000000
1760900400000,0.05922000,0.05932000,0.05907000,0.05923000,1094619.00000000
1760904000000,0.05922000,0.05953000,0.05832000,0.05894000,9631150.00000000
1760907600000,0.05893000,0.05894000,0.05863000,0.05885000,1089519.00000000
1760911200000,0.05886000,0.05917000,0.05871000,0.05902000,866888.00000000
1760914800000,0.05901000,0.05901000,0.05864000,0.05873000,488880.00000000
1760918400000,0.05872000,0.05882000,0.05833000,0.05879000,2817119.00000000
1760922000000,0.05879000,0.05881000,0.05846000,0.05846000,1776385.00000000
1760925600000,0.05849000,0.05891000,0.05847000,0.05869000,791918.00000000
1760929200000,0.05869000,0.05947000,0.05850000,0.05932000,1297521.00000000
1760932800000,0.05932000,0.05950000,0.05916000,0.05930000,1265968.00000000
1760936400000,0.05930000,0.05939000,0.05921000,0.05932000,2306977.00000000
1760940000000,0.05931000,0.05982000,0.05925000,0.05968000,2673201.00000000
1760943600000,0.05968000,0.05999000,0.05927000,0.05935000,1623826.00000000
1760947200000,0.05936000,0.05956000,0.05919000,0.05922000,2565379.00000000
1760950800000,0.05921000,0.05922000,0.05884000,0.05915000,1234227.00000000
1760954400000,0.05915000,0.05923000,0.05862000,0.05889000,995658.00000000
1760958000000,0.05889000,0.05892000,0.05856000,0.05882000,1972418.00000000
1760961600000,0.05881000,0.05895000,0.05871000,0.05882000,1207357.00000000
1760965200000,0.05883000,0.05898000,0.05861000,0.05873000,794850.00000000
1760968800000,0.05873000,0.05926000,0.05861000,0.05924000,1022935.00000000
1760972400000,0.05925000,0.05934000,0.05888000,0.05888000,673935.00000000
1760976000000,0.05887000,0.05888000,0.05800000,0.05834000,5399877.00000000
1760979600000,0.05835000,0.05856000,0.05824000,0.05830000,1773359.00000000
1760983200000,0.05829000,0.05867000,0.05817000,0.05851000,961139.00000000
1760986800000,0.05850000,0.05864000,0.05839000,0.05853000,551115.00000000
1760990400000,0.05852000,0.05867000,0.05844000,0.05860000,562484.00000000
1760994000000,0.05860000,0.05889000,0.05811000,0.05829000,1466783.00000000
1760997600000,0.05830000,0.05850000,0.05824000,0.05841000,427455.00000000
1761001200000,0.05840000,0.05841000,0.05821000,0.05834000,430972.00000000
1761004800000,0.05830000,0.05843000,0.05830000,0.05833000,212350.00000000
1761008400000,0.05833000,0.05845000,0.05818000,0.05834000,836711.00000000
1761012000000,0.05834000,0.05838000,0.05816000,0.05825000,787316.00000000
1761015600000,0.05824000,0.05832000,0.05803000,0.05823000,648933.00000000
1761019200000,0.05822000,0.05837000,0.05800000,0.05812000,3222930.00000000
1761022800000,0.05812000,0.05883000,0.05800000,0.05880000,2556911.00000000
1761026400000,0.05881000,0.05946000,0.05871000,0.05898000,2552887.00000000
1761030000000,0.05898000,0.06103000,0.05892000,0.06062000,7006007.00000000
1761033600000,0.06052000,0.06223000,0.06001000,0.06069000,21001570.00000000
1761037200000,0.06067000,0.06118000,0.05989000,0.06116000,5914541.00000000
1761040800000,0.06116000,0.06140000,0.06037000,0.06077000,2991712.00000000
1761044400000,0.06076000,0.06076000,0.05996000,0.06040000,3783995.00000000
1761048000000,0.06040000,0.06083000,0.05989000,0.05989000,2051808.00000000
1761051600000,0.05990000,0.06005000,0.05913000,0.05935000,3206541.00000000
1761055200000,0.05933000,0.06041000,0.05920000,0.06040000,3436958.00000000
1761058800000,0.06041000,0.06140000,0.06017000,0.06138000,5261966.00000000
1761062400000,0.06138000,0.06177000,0.06107000,0.06114000,3340682.00000000
1761066000000,0.06113000,0.06136000,0.06057000,0.06100000,3830838.00000000
1761069600000,0.06099000,0.06111000,0.06037000,0.06050000,1462608.00000000
1761073200000,0.06050000,0.06053000,0.05964000,0.05964000,2460943.00000000
1761076800000,0.05964000,0.05973000,0.05923000,0.05947000,619425.00000000
1761080400000,0.05941000,0.05968000,0.05895000,0.05930000,586831.00000000
1761084000000,0.05924000,0.05925000,0.05838000,0.05855000,1906498.00000000
1761087600000,0.05856000,0.05866000,0.05785000,0.05804000,8641396.00000000
1761091200000,0.05805000,0.05838000,0.05772000,0.05800000,10019042.00000000
1761094800000,0.05800000,0.05830000,0.05788000,0.05798000,2160040.00000000
1761098400000,0.05798000,0.05804000,0.05766000,0.05793000,1669986.00000000
1761102000000,0.05796000,0.05800000,0.05751000,0.05780000,2406999.00000000
1761105600000,0.05782000,0.05806000,0.05772000,0.05798000,757274.00000000
1761109200000,0.05797000,0.05836000,0.05773000,0.05832000,2447004.00000000
1761112800000,0.05827000,0.05832000,0.05800000,0.05802000,501194.00000000
1761116400000,0.05798000,0.05850000,0.05792000,0.05843000,1834383.00000000
1761120000000,0.05842000,0.05891000,0.05805000,0.05882000,1534850.00000000
1761123600000,0.05878000,0.05900000,0.05855000,0.05859000,1742802.00000000
1761127200000,0.05863000,0.05870000,0.05819000,0.05820000,1514340.00000000
1761130800000,0.05820000,0.05855000,0.05777000,0.05817000,1394542.00000000
1761134400000,0.05817000,0.05851000,0.05809000,0.05824000,565059.00000000
1761138000000,0.05825000,0.05875000,0.05808000,0.05859000,892309.00000000
1761141600000,0.05854000,0.05865000,0.05715000,0.05804000,5860577.00000000
1761145200000,0.05805000,0.05984000,0.05740000,0.05882000,10698757.00000000
1761148800000,0.05879000,0.05930000,0.05849000,0.05892000,7567009.00000000
1761152400000,0.05892000,0.05921000,0.05823000,0.05850000,2087493.00000000
1761156000000,0.05851000,0.05880000,0.05803000,0.05842000,7618495.00000000
1761159600000,0.05847000,0.05898000,0.05820000,0.05858000,1133496.00000000
1761163200000,0.05858000,0.05861000,0.05824000,0.05839000,1284685.00000000
1761166800000,0.05837000,0.05840000,0.05776000,0.05825000,2009018.00000000
1761170400000,0.05826000,0.05859000,0.05772000,0.05794000,1828364.00000000
1761174000000,0.05795000,0.05838000,0.05791000,0.05804000,1877788.00000000
1761177600000,0.05803000,0.05815000,0.05794000,0.05800000,693464.00000000
1761181200000,0.05800000,0.05819000,0.05797000,0.05802000,372192.00000000
1761184800000,0.05801000,0.05815000,0.05795000,0.05798000,291092.00000000
1761188400000,0.05799000,0.05816000,0.05789000,0.05796000,496054.00000000
1761192000000,0.05795000,0.05868000,0.05790000,0.05833000,931123.00000000
1761195600000,0.05831000,0.05911000,0.05820000,0.05862000,1638639.00000000
1761199200000,0.05863000,0.05913000,0.05861000,0.05894000,952282.00000000
1761202800000,0.05895000,0.05929000,0.05868000,0.05879000,745056.00000000
1761206400000,0.05880000,0.05895000,0.05870000,0.05876000,473926.00000000
1761210000000,0.05877000,0.05885000,0.05871000,0.05875000,402840.00000000
1761213600000,0.05876000,0.05991000,0.05874000,0.05961000,5990056.00000000
1761217200000,0.05960000,0.05967000,0.05932000,0.05945000,2481389.00000000
1761220800000,0.05945000,0.05951000,0.05914000,0.05948000,530901.00000000
1761224400000,0.05947000,0.05978000,0.05925000,0.05975000,766356.00000000
1761228000000,0.05976000,0.05988000,0.05943000,0.05970000,565122.00000000
1761231600000,0.05972000,0.05982000,0.05929000,0.05952000,814555.00000000
1761235200000,0.05953000,0.06006000,0.05951000,0.05995000,788991.00000000
1761238800000,0.05995000,0.06049000,0.05975000,0.06004000,3030686.00000000
1761242400000,0.06004000,0.06058000,0.05991000,0.05991000,2454994.00000000
1761246000000,0.05993000,0.05994000,0.05952000,0.05952000,333432.00000000
1761249600000,0.05951000,0.05951000,0.05870000,0.05890000,3083978.00000000
1761253200000,0.05888000,0.05899000,0.05874000,0.05876000,333363.00000000
1761256800000,0.05874000,0.05891000,0.05862000,0.05869000,567067.00000000
1761260400000,0.05870000,0.05871000,0.05841000,0.05857000,767596.00000000
1761264000000,0.05858000,0.05871000,0.05852000,0.05867000,585539.00000000
1761267600000,0.05867000,0.05909000,0.05853000,0.05903000,987990.00000000
1761271200000,0.05902000,0.05954000,0.05881000,0.05941000,1591042.00000000
1761274800000,0.05940000,0.05959000,0.05920000,0.05940000,644487.00000000
1761278400000,0.05940000,0.05988000,0.05926000,0.05982000,722425.00000000
1761282000000,0.05982000,0.05984000,0.05970000,0.05972000,411638.00000000
1761285600000,0.05973000,0.05981000,0.05958000,0.05975000,509922.00000000
1761289200000,0.05974000,0.05983000,0.05920000,0.05940000,1021348.00000000
1761292800000,0.05941000,0.05952000,0.05918000,0.05937000,566250.00000000
1761296400000,0.05936000,0.05937000,0.05915000,0.05931000,729487.00000000
1761300000000,0.05932000,0.05982000,0.05887000,0.05943000,1864654.00000000
1761303600000,0.05941000,0.05941000,0.05893000,0.05924000,787607.00000000
1761307200000,0.05925000,0.06025000,0.05902000,0.05954000,1906648.00000000
1761310800000,0.05954000,0.05960000,0.05908000,0.05931000,1153942.00000000
1761314400000,0.05931000,0.05931000,0.05873000,0.05903000,1091061.00000000
1761318000000,0.05902000,0.05906000,0.05783000,0.05821000,7586020.00000000
1761321600000,0.05821000,0.05824000,0.05726000,0.05765000,7657416.00000000
1761325200000,0.05766000,0.05818000,0.05766000,0.05780000,669131.00000000
1761328800000,0.05778000,0.05786000,0.05766000,0.05782000,720116.00000000
1761332400000,0.05782000,0.05817000,0.05780000,0.05788000,921839.00000000
1761336000000,0.05788000,0.05818000,0.05788000,0.05810000,320080.00000000
1761339600000,0.05810000,0.05822000,0.05800000,0.05809000,641407.00000000
1761343200000,0.05809000,0.05825000,0.05804000,0.05812000,540196.00000000
1761346800000,0.05811000,0.05813000,0.05784000,0.05791000,1103631.00000000
1761350400000,0.05789000,0.05809000,0.05781000,0.05809000,1649342.00000000
1761354000000,0.05810000,0.05827000,0.05799000,0.05814000,1169972.00000000
1761357600000,0.05816000,0.05820000,0.05810000,0.05813000,105799.00000000
1761361200000,0.05812000,0.05817000,0.05798000,0.05814000,449812.00000000
1761364800000,0.05817000,0.05819000,0.05797000,0.05802000,405544.00000000
1761368400000,0.05796000,0.05807000,0.05769000,0.05806000,802961.00000000
1761372000000,0.05809000,0.05809000,0.05766000,0.05774000,985265.00000000
1761375600000,0.05772000,0.05792000,0.05756000,0.05777000,1042249.00000000
1761379200000,0.05776000,0.05801000,0.05775000,0.05799000,380664.00000000
1761382800000,0.05799000,0.05807000,0.05793000,0.05793000,302365.00000000
1761386400000,0.05793000,0.05806000,0.05790000,0.05796000,1091666.00000000
1761390000000,0.05795000,0.05805000,0.05791000,0.05797000,490791.00000000
1761393600000,0.05796000,0.05811000,0.05795000,0.05802000,216496.00000000
1761397200000,0.05802000,0.05807000,0.05787000,0.05804000,218592.00000000
1761400800000,0.05803000,0.05820000,0.05801000,0.05820000,440951.00000000
1761404400000,0.05819000,0.05850000,0.05808000,0.05823000,2088036.00000000
1761408000000,0.05822000,0.05874000,0.05822000,0.05870000,774973.00000000
1761411600000,0.05870000,0.05870000,0.05840000,0.05843000,328047.00000000
1761415200000,0.05837000,0.05862000,0.05827000,0.05851000,340254.00000000
1761418800000,0.05851000,0.05851000,0.05829000,0.05830000,377567.00000000
1761422400000,0.05831000,0.05838000,0.05816000,0.05820000,282761.00000000
1761426000000,0.05819000,0.05819000,0.05779000,0.05787000,470793.00000000
1761429600000,0.05785000,0.05785000,0.05736000,0.05764000,5082658.00000000
1761433200000,0.05764000,0.05770000,0.05742000,0.05761000,843655.00000000
1761436800000,0.05760000,0.05819000,0.05746000,0.05790000,1169681.00000000
1761440400000,0.05790000,0.05811000,0.05766000,0.05776000,1908014.00000000
1761444000000,0.05772000,0.05772000,0.05751000,0.05762000,270448.00000000
1761447600000,0.05753000,0.05771000,0.05751000,0.05769000,166737.00000000
1761451200000,0.05769000,0.05782000,0.05769000,0.05770000,218736.00000000
1761454800000,0.05770000,0.05783000,0.05755000,0.05782000,670062.00000000
1761458400000,0.05780000,0.05794000,0.05776000,0.05779000,245373.00000000
1761462000000,0.05776000,0.05781000,0.05759000,0.05767000,329235.00000000
1761465600000,0.05773000,0.05782000,0.05726000,0.05739000,4506813.00000000
1761469200000,0.05741000,0.05793000,0.05713000,0.05781000,2394134.00000000
1761472800000,0.05785000,0.05793000,0.05764000,0.05782000,823353.00000000
1761476400000,0.05784000,0.05886000,0.05768000,0.05844000,4111903.00000000
1761480000000,0.05844000,0.05900000,0.05844000,0.05863000,1631873.00000000
1761483600000,0.05864000,0.05914000,0.05859000,0.05892000,1870614.00000000
1761487200000,0.05893000,0.05893000,0.05851000,0.05868000,552307.00000000
1761490800000,0.05869000,0.05896000,0.05849000,0.05896000,720654.00000000
1761494400000,0.05896000,0.05944000,0.05864000,0.05944000,1414048.00000000
1761498000000,0.05942000,0.05957000,0.05927000,0.05933000,580636.00000000
1761501600000,0.05931000,0.05956000,0.05916000,0.05924000,444152.00000000
1761505200000,0.05922000,0.05944000,0.05917000,0.05941000,610482.00000000
1761508800000,0.05939000,0.05943000,0.05903000,0.05924000,331570.00000000
1761512400000,0.05924000,0.05932000,0.05905000,0.05923000,453726.00000000
1761516000000,0.05923000,0.05992000,0.05922000,0.05955000,1024501.00000000
1761519600000,0.05956000,0.05965000,0.05915000,0.05916000,714101.00000000
1761523200000,0.05918000,0.05992000,0.05912000,0.05974000,3553059.00000000
1761526800000,0.05974000,0.06005000,0.05972000,0.06000000,1953009.00000000
1761530400000,0.05998000,0.06050000,0.05966000,0.05992000,2319754.00000000
1761534000000,0.05991000,0.05999000,0.05972000,0.05982000,315017.00000000
1761537600000,0.05985000,0.06002000,0.05974000,0.06001000,369858.00000000
1761541200000,0.06002000,0.06036000,0.05995000,0.06007000,2628959.00000000
1761544800000,0.06006000,0.06006000,0.05977000,0.05992000,440065.00000000
1761548400000,0.05991000,0.05999000,0.05936000,0.05962000,1181281.00000000
1761552000000,0.05963000,0.06064000,0.05960000,0.06001000,3900177.00000000
1761555600000,0.06002000,0.06003000,0.05942000,0.05947000,903173.00000000
1761559200000,0.05946000,0.05946000,0.05911000,0.05926000,1185755.00000000
1761562800000,0.05930000,0.05942000,0.05890000,0.05896000,565761.00000000
1761566400000,0.05898000,0.05898000,0.05867000,0.05871000,713103.00000000
1761570000000,0.05871000,0.05897000,0.05810000,0.05866000,1059517.00000000
1761573600000,0.05869000,0.05876000,0.05812000,0.05823000,702059.00000000
1761577200000,0.05825000,0.05846000,0.05818000,0.05829000,765167.00000000
1761580800000,0.05830000,0.05898000,0.05830000,0.05882000,1020043.00000000
1761584400000,0.05883000,0.05904000,0.05872000,0.05886000,682428.00000000
1761588000000,0.05884000,0.05894000,0.05868000,0.05875000,564094.00000000
1761591600000,0.05876000,0.05899000,0.05865000,0.05871000,964667.00000000
1761595200000,0.05871000,0.05879000,0.05861000,0.05863000,1389572.00000000
1761598800000,0.05863000,0.05881000,0.05861000,0.05865000,407553.00000000
1761602400000,0.05864000,0.05886000,0.05849000,0.05856000,532361.00000000
1761606000000,0.05857000,0.05924000,0.05849000,0.05910000,2852331.00000000
1761609600000,0.05910000,0.05935000,0.05910000,0.05921000,1024525.00000000
1761613200000,0.05922000,0.05959000,0.05922000,0.05958000,885419.00000000
1761616800000,0.05958000,0.06032000,0.05923000,0.06003000,6648169.00000000
1761620400000,0.06003000,0.06005000,0.05922000,0.05936000,1446086.00000000
1761624000000,0.05936000,0.05970000,0.05928000,0.05963000,597920.00000000
1761627600000,0.05963000,0.05969000,0.05903000,0.05910000,1316898.00000000
1761631200000,0.05910000,0.05966000,0.05902000,0.05966000,783007.00000000
1761634800000,0.05966000,0.05974000,0.05887000,0.05888000,1051042.00000000
1761638400000,0.05888000,0.05897000,0.05873000,0.05877000,750645.00000000
1761642000000,0.05878000,0.05942000,0.05852000,0.05915000,3641617.00000000
1761645600000,0.05915000,0.05916000,0.05900000,0.05903000,627220.00000000
1761649200000,0.05904000,0.05912000,0.05878000,0.05879000,1504618.00000000
1761652800000,0.05879000,0.05908000,0.05863000,0.05902000,530238.00000000
1761656400000,0.05902000,0.05943000,0.05902000,0.05939000,747536.00000000
1761660000000,0.05940000,0.05951000,0.05835000,0.05904000,1349272.00000000
1761663600000,0.05905000,0.05920000,0.05869000,0.05892000,755808.00000000
1761667200000,0.05889000,0.05901000,0.05858000,0.05882000,788747.00000000
1761670800000,0.05882000,0.05889000,0.05858000,0.05877000,625127.00000000
1761674400000,0.05876000,0.05878000,0.05846000,0.05863000,934120.00000000
1761678000000,0.05864000,0.05867000,0.05815000,0.05835000,2771598.00000000
1761681600000,0.05834000,0.05846000,0.05781000,0.05829000,3002137.00000000
1761685200000,0.05828000,0.05855000,0.05784000,0.05831000,1284699.00000000
1761688800000,0.05831000,0.05879000,0.05824000,0.05840000,1638027.00000000
1761692400000,0.05839000,0.05839000,0.05817000,0.05833000,478450.00000000
1761696000000,0.05833000,0.05847000,0.05824000,0.05829000,300010.00000000
1761699600000,0.05829000,0.05858000,0.05824000,0.05843000,306950.00000000
1761703200000,0.05842000,0.05857000,0.05835000,0.05847000,364011.00000000
1761706800000,0.05846000,0.05846000,0.05824000,0.05827000,521469.00000000
1761710400000,0.05827000,0.05852000,0.05824000,0.05833000,659087.00000000
1761714000000,0.05832000,0.05841000,0.05826000,0.05831000,343381.00000000
1761717600000,0.05830000,0.05835000,0.05827000,0.05830000,198507.00000000
1761721200000,0.05830000,0.05838000,0.05823000,0.05828000,258839.00000000
1761724800000,0.05827000,0.05834000,0.05818000,0.05820000,457058.00000000
1761728400000,0.05821000,0.05835000,0.05810000,0.05821000,316134.00000000
1761732000000,0.05822000,0.05858000,0.05821000,0.05832000,306771.00000000
1761735600000,0.05832000,0.05857000,0.05829000,0.05847000,277290.00000000
1761739200000,0.05847000,0.05855000,0.05818000,0.05826000,1110888.00000000
1761742800000,0.05827000,0.05863000,0.05827000,0.05849000,917909.00000000
1761746400000,0.05849000,0.05855000,0.05828000,0.05836000,453107.00000000
1761750000000,0.05837000,0.05842000,0.05795000,0.05841000,1703101.00000000
1761753600000,0.05842000,0.05875000,0.05836000,0.05842000,838641.00000000
1761757200000,0.05844000,0.05880000,0.05830000,0.05850000,2258534.00000000
1761760800000,0.05852000,0.05862000,0.05708000,0.05832000,7691877.00000000
1761764400000,0.05832000,0.05898000,0.05823000,0.05874000,1279018.00000000
1761768000000,0.05876000,0.05936000,0.05851000,0.05915000,901950.00000000
1761771600000,0.05915000,0.05941000,0.05909000,0.05933000,298773.00000000
1761775200000,0.05933000,0.05955000,0.05912000,0.05926000,804674.00000000
1761778800000,0.05928000,0.05929000,0.05864000,0.05866000,1607387.00000000
1761782400000,0.05867000,0.05932000,0.05858000,0.05929000,930047.00000000
1761786000000,0.05929000,0.05956000,0.05912000,0.05942000,796700.00000000
1761789600000,0.05936000,0.05992000,0.05927000,0.05988000,993177.00000000
1761793200000,0.05988000,0.06039000,0.05978000,0.06035000,2186807.00000000
1761796800000,0.06036000,0.06069000,0.05859000,0.05921000,3942432.00000000
1761800400000,0.05917000,0.06032000,0.05908000,0.06022000,1299818.00000000
1761804000000,0.06020000,0.06023000,0.05950000,0.05952000,896144.00000000
1761807600000,0.05952000,0.06017000,0.05945000,0.05986000,1471511.00000000
1761811200000,0.05987000,0.05987000,0.05872000,0.05874000,1846537.00000000
1761814800000,0.05872000,0.05877000,0.05787000,0.05796000,1999538.00000000
1761818400000,0.05794000,0.05802000,0.05767000,0.05774000,1177946.00000000
1761822000000,0.05774000,0.05778000,0.05747000,0.05762000,787884.00000000
1761825600000,0.05762000,0.05796000,0.05729000,0.05744000,1467455.00000000
1761829200000,0.05744000,0.05766000,0.05656000,0.05670000,2164893.00000000
1761832800000,0.05669000,0.05793000,0.05657000,0.05764000,4969610.00000000
1761836400000,0.05771000,0.05790000,0.05710000,0.05720000,8053042.00000000
1761840000000,0.05721000,0.05777000,0.05709000,0.05759000,2596282.00000000
1761843600000,0.05760000,0.05768000,0.05663000,0.05687000,4686996.00000000
1761847200000,0.05687000,0.05703000,0.05635000,0.05642000,1820260.00000000
1761850800000,0.05644000,0.05685000,0.05620000,0.05646000,2354450.00000000
1761854400000,0.05643000,0.05727000,0.05627000,0.05718000,1674608.00000000
1761858000000,0.05721000,0.05740000,0.05702000,0.05730000,376503.00000000
1761861600000,0.05731000,0.05753000,0.05726000,0.05749000,431143.00000000
1761865200000,0.05750000,0.05761000,0.05742000,0.05755000,808855.00000000
1761868800000,0.05754000,0.05768000,0.05742000,0.05766000,751883.00000000
1761872400000,0.05765000,0.05768000,0.05753000,0.05765000,1044000.00000000
1761876000000,0.05766000,0.05767000,0.05739000,0.05747000,340295.00000000
1761879600000,0.05747000,0.05750000,0.05727000,0.05729000,458796.00000000
1761883200000,0.05730000,0.05757000,0.05730000,0.05746000,520832.00000000
1761886800000,0.05746000,0.05746000,0.05700000,0.05701000,980642.00000000
1761890400000,0.05702000,0.05712000,0.05676000,0.05679000,541654.00000000
1761894000000,0.05679000,0.05691000,0.05596000,0.05673000,8553812.00000000
1761897600000,0.05669000,0.05682000,0.05663000,0.05670000,547007.00000000
1761901200000,0.05671000,0.05676000,0.05661000,0.05665000,168007.00000000
1761904800000,0.05666000,0.05668000,0.05649000,0.05655000,964593.00000000
1761908400000,0.05655000,0.05665000,0.05547000,0.05660000,15236396.00000000
1761912000000,0.05661000,0.05704000,0.05644000,0.05687000,2267972.00000000
1761915600000,0.05688000,0.05713000,0.05669000,0.05692000,1848962.00000000
1761919200000,0.05694000,0.05738000,0.05665000,0.05737000,2519336.00000000
1761922800000,0.05737000,0.05760000,0.05724000,0.05736000,1533889.00000000
1761926400000,0.05736000,0.05760000,0.05591000,0.05607000,3405155.00000000
1761930000000,0.05607000,0.05615000,0.05558000,0.05596000,794334.00000000
1761933600000,0.05597000,0.05633000,0.05590000,0.05616000,842064.00000000
1761937200000,0.05615000,0.05744000,0.05595000,0.05742000,1599133.00000000
1761940800000,0.05741000,0.05743000,0.05675000,0.05678000,1062761.00000000
1761944400000,0.05678000,0.05698000,0.05664000,0.05694000,1139220.00000000
1761948000000,0.05695000,0.05710000,0.05637000,0.05638000,908402.00000000
1761951600000,0.05637000,0.05637000,0.05588000,0.05598000,3106298.00000000
1761955200000,0.05599000,0.05615000,0.05598000,0.05615000,400812.00000000
1761958800000,0.05615000,0.05622000,0.05603000,0.05606000,438781.00000000
1761962400000,0.05605000,0.05627000,0.05595000,0.05622000,709753.00000000
1761966000000,0.05624000,0.05652000,0.05622000,0.05646000,233578.00000000
1761969600000,0.05646000,0.05652000,0.05567000,0.05593000,3683025.00000000
1761973200000,0.05593000,0.05615000,0.05583000,0.05600000,905553.00000000
1761976800000,0.05601000,0.05603000,0.05586000,0.05590000,465941.00000000
1761980400000,0.05591000,0.05612000,0.05589000,0.05594000,685736.00000000
1761984000000,0.05594000,0.05603000,0.05574000,0.05602000,1043524.00000000
1761987600000,0.05603000,0.05614000,0.05580000,0.05580000,308866.00000000
1761991200000,0.05582000,0.05597000,0.05578000,0.05587000,389169.00000000
1761994800000,0.05587000,0.05603000,0.05572000,0.05603000,728640.00000000
1761998400000,0.05603000,0.05621000,0.05600000,0.05609000,614572.00000000
1762002000000,0.05609000,0.05615000,0.05574000,0.05602000,812601.00000000
1762005600000,0.05602000,0.05605000,0.05567000,0.05582000,698105.00000000
1762009200000,0.05582000,0.05618000,0.05575000,0.05594000,864109.00000000
1762012800000,0.05595000,0.05601000,0.05582000,0.05592000,1042520.00000000
1762016400000,0.05591000,0.05602000,0.05590000,0.05593000,353725.00000000
1762020000000,0.05592000,0.05599000,0.05579000,0.05584000,213907.00000000
1762023600000,0.05583000,0.05591000,0.05580000,0.05589000,263712.00000000
1762027200000,0.05589000,0.05600000,0.05589000,0.05591000,2938333.00000000
1762030800000,0.05590000,0.05595000,0.05570000,0.05572000,373611.00000000
1762034400000,0.05571000,0.05588000,0.05562000,0.05588000,613046.00000000
1762038000000,0.05588000,0.05599000,0.05585000,0.05598000,239601.00000000
1762041600000,0.05597000,0.05600000,0.05583000,0.05593000,356781.00000000
1762045200000,0.05592000,0.05600000,0.05587000,0.05597000,1049352.00000000
1762048800000,0.05596000,0.05600000,0.05576000,0.05577000,1649776.00000000
1762052400000,0.05577000,0.05580000,0.05548000,0.05574000,1138531.00000000
1762056000000,0.05572000,0.05610000,0.05571000,0.05610000,1172431.00000000
1762059600000,0.05608000,0.05634000,0.05600000,0.05634000,343323.00000000
1762063200000,0.05634000,0.05634000,0.05624000,0.05627000,387258.00000000
1762066800000,0.05628000,0.05629000,0.05604000,0.05615000,462617.00000000
1762070400000,0.05615000,0.05622000,0.05584000,0.05587000,366037.00000000
1762074000000,0.05589000,0.05596000,0.05557000,0.05573000,465011.00000000
1762077600000,0.05574000,0.05584000,0.05548000,0.05579000,3422565.00000000
1762081200000,0.05578000,0.05632000,0.05577000,0.05627000,612309.00000000
1762084800000,0.05628000,0.05630000,0.05593000,0.05593000,573322.00000000
1762088400000,0.05595000,0.05595000,0.05555000,0.05562000,876997.00000000
1762092000000,0.05562000,0.05571000,0.05525000,0.05549000,2784904.00000000
1762095600000,0.05549000,0.05561000,0.05535000,0.05540000,957359.00000000
1762099200000,0.05539000,0.05563000,0.05525000,0.05540000,1378998.00000000
1762102800000,0.05539000,0.05542000,0.05522000,0.05538000,878563.00000000
1762106400000,0.05539000,0.05547000,0.05532000,0.05536000,419893.00000000
1762110000000,0.05536000,0.05543000,0.05532000,0.05539000,415918.00000000
1762113600000,0.05539000,0.05557000,0.05539000,0.05557000,253164.00000000
1762117200000,0.05556000,0.05579000,0.05556000,0.05561000,361165.00000000
1762120800000,0.05562000,0.05562000,0.05535000,0.05540000,327915.00000000
1762124400000,0.05540000,0.05596000,0.05540000,0.05595000,629486.00000000
1762128000000,0.05596000,0.05624000,0.05554000,0.05556000,696000.00000000
1762131600000,0.05555000,0.05589000,0.05527000,0.05537000,1930700.00000000
1762135200000,0.05537000,0.05541000,0.05493000,0.05533000,1879202.00000000
1762138800000,0.05534000,0.05540000,0.05480000,0.05538000,4632981.00000000
1762142400000,0.05539000,0.05563000,0.05530000,0.05536000,2149238.00000000
1762146000000,0.05535000,0.05560000,0.05488000,0.05502000,6332906.00000000
1762149600000,0.05501000,0.05516000,0.05459000,0.05491000,2013460.00000000
1762153200000,0.05490000,0.05505000,0.05471000,0.05492000,2050451.00000000
1762156800000,0.05491000,0.05501000,0.05447000,0.05457000,2340529.00000000
1762160400000,0.05456000,0.05477000,0.05418000,0.05430000,1968371.00000000
1762164000000,0.05431000,0.05444000,0.05400000,0.05413000,2500318.00000000
1762167600000,0.05413000,0.05449000,0.05398000,0.05422000,3200151.00000000
1762171200000,0.05421000,0.05519000,0.05411000,0.05421000,7065802.00000000
1762174800000,0.05422000,0.05422000,0.05383000,0.05404000,3999370.00000000
1762178400000,0.05405000,0.05446000,0.05403000,0.05442000,1848379.00000000
1762182000000,0.05446000,0.05447000,0.05251000,0.05297000,13816722.00000000
1762185600000,0.05297000,0.05553000,0.05286000,0.05549000,6408169.00000000
1762189200000,0.05546000,0.05549000,0.05481000,0.05497000,4552351.00000000
1762192800000,0.05496000,0.05496000,0.05436000,0.05449000,1295026.00000000
1762196400000,0.05450000,0.05460000,0.05416000,0.05423000,2484459.00000000
1762200000000,0.05423000,0.05451000,0.05351000,0.05365000,3268054.00000000
1762203600000,0.05364000,0.05449000,0.05327000,0.05423000,2191564.00000000
1762207200000,0.05422000,0.05429000,0.05377000,0.05393000,972322.00000000
1762210800000,0.05392000,0.05414000,0.05374000,0.05390000,1220900.00000000
1762214400000,0.05392000,0.05436000,0.05377000,0.05405000,900933.00000000
1762218000000,0.05412000,0.05417000,0.05367000,0.05381000,1831843.00000000
1762221600000,0.05378000,0.05448000,0.05371000,0.05411000,2206168.00000000
1762225200000,0.05412000,0.05451000,0.05402000,0.05423000,878675.00000000
1762228800000,0.05424000,0.05436000,0.05391000,0.05398000,2236714.00000000
1762232400000,0.05397000,0.05407000,0.05277000,0.05291000,6476652.00000000
1762236000000,0.05285000,0.05381000,0.05215000,0.05231000,17142452.00000000
1762239600000,0.05229000,0.05237000,0.05142000,0.05171000,5793045.00000000
1762243200000,0.05172000,0.05207000,0.05120000,0.05155000,2085815.00000000
1762246800000,0.05155000,0.05162000,0.05115000,0.05143000,1464348.00000000
1762250400000,0.05143000,0.05160000,0.05108000,0.05111000,2120667.00000000
1762254000000,0.05111000,0.05139000,0.05091000,0.05097000,3319525.00000000
1762257600000,0.05096000,0.05122000,0.05085000,0.05110000,3034623.00000000
1762261200000,0.05110000,0.05145000,0.05110000,0.05132000,1681007.00000000
1762264800000,0.05132000,0.05236000,0.05114000,0.05225000,3201111.00000000
1762268400000,0.05226000,0.05330000,0.05225000,0.05281000,6549655.00000000
1762272000000,0.05280000,0.05327000,0.05248000,0.05253000,3259936.00000000
1762275600000,0.05252000,0.05252000,0.05109000,0.05221000,7318114.00000000
1762279200000,0.05221000,0.05263000,0.05157000,0.05241000,7082858.00000000
1762282800000,0.05240000,0.05291000,0.05185000,0.05194000,3045929.00000000
1762286400000,0.05194000,0.05302000,0.05029000,0.05225000,10657349.00000000
1762290000000,0.05226000,0.05257000,0.05109000,0.05235000,9970817.00000000
1762293600000,0.05236000,0.05327000,0.05216000,0.05302000,3741673.00000000
1762297200000,0.05302000,0.05310000,0.05272000,0.05302000,1366861.00000000
1762300800000,0.05302000,0.05307000,0.05221000,0.05221000,1208207.00000000
1762304400000,0.05222000,0.05268000,0.05154000,0.05251000,5646618.00000000
1762308000000,0.05252000,0.05340000,0.05252000,0.05337000,5999359.00000000
1762311600000,0.05338000,0.05342000,0.05284000,0.05307000,3359286.00000000
1762315200000,0.05307000,0.05355000,0.05306000,0.05334000,325034.00000000
